<?xml version="1.0" encoding="UTF-8"?>
<metadata xml:lang="en"><Esri><CreaDate>20130124</CreaDate><CreaTime>15540600</CreaTime><ArcGISFormat>1.0</ArcGISFormat><SyncOnce>TRUE</SyncOnce><DataProperties><lineage><Process ToolSource="c:\program files (x86)\arcgis\desktop10.1\ArcToolbox\Toolboxes\Conversion Tools.tbx\RasterToASCII" Date="20130124" Time="155406">RasterToASCII ExtentNLCD C:\GISprojects\SanLouisValleyGIS\DoveCreek\Manual\ExtentNLCD2.TXT</Process></lineage></DataProperties></Esri></metadata>
