CatID,Sex,Age,ReprodStat,Season,Photoperiod,DateGMT,TimeGMT,DateTimeET,DateTimeET2,DateET2,TIMEET2,TTF,Zone,X,Y
121,F,A,1,DRY,DAY,NA,NA,2.00602E+11,20060202 1412,2006 2 2,1412,NA,17,494155.6169,2904240.225
121,F,A,1,DRY,NIGHT,NA,NA,2.00602E+11,20060204 104,2006 2 4,104,NA,17,498182.2913,2905598.381
121,F,A,1,DRY,DAY,NA,NA,2.00602E+11,20060204 1504,2006 2 4,1504,NA,17,498476.1971,2905114.37
121,F,A,1,DRY,DAY,NA,NA,2.00602E+11,20060205 1203,2006 2 5,1203,NA,17,499210.521,2905661.186
121,F,A,1,DRY,NIGHT,NA,NA,2.00602E+11,20060205 1903,2006 2 5,1903,NA,17,499467.2769,2905532.575
121,F,A,1,DRY,DAY,NA,NA,2.00602E+11,20060206 1604,2006 2 6,1604,NA,17,502960.8619,2904391.432
121,F,A,1,DRY,NIGHT,NA,NA,2.00602E+11,20060206 2303,2006 2 6,2303,NA,17,503026.7004,2904420.39
121,F,A,1,DRY,DAY,NA,NA,2.00602E+11,20060207 1304,2006 2 7,1304,NA,17,503079.3258,2904648.528
121,F,A,1,DRY,NIGHT,NA,NA,2.00602E+11,20060207 2004,2006 2 7,2004,NA,17,503059.0033,2904533.269
121,F,A,1,DRY,DAY,NA,NA,2.00602E+11,20060208 1004,2006 2 8,1004,NA,17,503100.9974,2904683.483
121,F,A,1,DRY,DAY,NA,NA,2.00602E+11,20060208 1703,2006 2 8,1703,NA,17,503166.0756,2904671.556
121,F,A,1,DRY,NIGHT,NA,NA,2.00602E+11,20060209 004,2006 2 9,4,NA,17,503124.4178,2904379.65
121,F,A,1,DRY,NIGHT,NA,NA,2.00602E+11,20060209 2104,2006 2 9,2104,NA,17,501582.9497,2904607.35
121,F,A,1,DRY,NIGHT,NA,NA,2.00602E+11,20060210 403,2006 2 10,403,NA,17,501724.6779,2905447.251
121,F,A,1,DRY,DAY,NA,NA,2.00602E+11,20060210 1103,2006 2 10,1103,NA,17,501139.1157,2904772.274
121,F,A,1,DRY,NIGHT,NA,NA,2.00602E+11,20060211 103,2006 2 11,103,NA,17,501665.3568,2907272.781
121,F,A,1,DRY,DAY,NA,NA,2.00602E+11,20060211 803,2006 2 11,803,NA,17,502124.78,2905879.601
121,F,A,1,DRY,DAY,NA,NA,2.00602E+11,20060211 1504,2006 2 11,1504,NA,17,501130.9206,2906147.132
121,F,A,1,DRY,NIGHT,NA,NA,2.00602E+11,20060212 504,2006 2 12,504,NA,17,500859.9125,2907048.035
121,F,A,1,DRY,DAY,NA,NA,2.00602E+11,20060212 1204,2006 2 12,1204,NA,17,500818.7912,2907024.718
121,F,A,1,DRY,DAY,NA,NA,2.00602E+11,20060213 903,2006 2 13,903,NA,17,500641.9492,2906760.945
121,F,A,1,DRY,DAY,NA,NA,2.00602E+11,20060213 1603,2006 2 13,1603,NA,17,501264.9953,2906062.86
121,F,A,1,DRY,NIGHT,NA,NA,2.00602E+11,20060213 2304,2006 2 13,2304,NA,17,499641.7741,2906238.955
121,F,A,1,DRY,NIGHT,NA,NA,2.00602E+11,20060214 604,2006 2 14,604,NA,17,501249.5692,2905909.097
121,F,A,1,DRY,DAY,NA,NA,2.00602E+11,20060214 1303,2006 2 14,1303,NA,17,501084.5742,2904236.86
121,F,A,1,DRY,DAY,NA,NA,2.00602E+11,20060215 1703,2006 2 15,1703,NA,17,502503.8956,2906364.924
121,F,A,1,DRY,NIGHT,NA,NA,2.00602E+11,20060216 004,2006 2 16,4,NA,17,502488.8778,2906706.572
121,F,A,1,DRY,DAY,NA,NA,2.00602E+11,20060216 704,2006 2 16,704,NA,17,501832.3067,2906233.438
121,F,A,1,DRY,DAY,NA,NA,2.00602E+11,20060216 1404,2006 2 16,1404,NA,17,501491.8022,2906690.702
121,F,A,1,DRY,NIGHT,NA,NA,2.00602E+11,20060216 2104,2006 2 16,2104,NA,17,502827.1783,2906872.83
121,F,A,1,DRY,NIGHT,NA,NA,2.00602E+11,20060217 403,2006 2 17,403,NA,17,500972.9006,2907605.564
121,F,A,1,DRY,DAY,NA,NA,2.00602E+11,20060217 1103,2006 2 17,1103,NA,17,500795.9525,2907065.163
121,F,A,1,DRY,DAY,NA,NA,2.00602E+11,20060217 1804,2006 2 17,1804,NA,17,500898.1523,2907195.791
121,F,A,1,DRY,DAY,NA,NA,2.00602E+11,20060218 1504,2006 2 18,1504,NA,17,500809.592,2907095.646
121,F,A,1,DRY,NIGHT,NA,NA,2.00602E+11,20060218 2203,2006 2 18,2203,NA,17,500752.9545,2907129.469
121,F,A,1,DRY,NIGHT,NA,NA,2.00602E+11,20060219 504,2006 2 19,504,NA,17,501065.9565,2907115.779
121,F,A,1,DRY,NIGHT,NA,NA,2.00602E+11,20060219 1904,2006 2 19,1904,NA,17,500801.584,2905041.982
121,F,A,1,DRY,DAY,NA,NA,2.00602E+11,20060220 903,2006 2 20,903,NA,17,500544.2481,2904830.712
121,F,A,1,DRY,DAY,NA,NA,2.00602E+11,20060220 1603,2006 2 20,1603,NA,17,500952.1154,2904943.633
121,F,A,1,DRY,NIGHT,NA,NA,2.00602E+11,20060220 2303,2006 2 20,2303,NA,17,500464.5864,2906240.38
121,F,A,2,DRY,NIGHT,NA,NA,2.00602E+11,20060221 603,2006 2 21,603,NA,17,499829.4746,2906407.173
121,F,A,2,DRY,NIGHT,NA,NA,2.00602E+11,20060221 2003,2006 2 21,2003,NA,17,499250.5791,2906203.447
121,F,A,2,DRY,NIGHT,NA,NA,2.00602E+11,20060222 304,2006 2 22,304,NA,17,499525.9538,2905882.362
121,F,A,2,DRY,DAY,NA,NA,2.00602E+11,20060222 1703,2006 2 22,1703,NA,17,499272.7262,2906047.862
121,F,A,2,DRY,NIGHT,NA,NA,2.00602E+11,20060223 004,2006 2 23,4,NA,17,499570.6064,2905979.704
121,F,A,2,DRY,DAY,NA,NA,2.00602E+11,20060223 704,2006 2 23,704,NA,17,499244.8282,2905997.247
121,F,A,2,DRY,DAY,NA,NA,2.00602E+11,20060223 1403,2006 2 23,1403,NA,17,499540.3752,2906116.937
121,F,A,2,DRY,NIGHT,NA,NA,2.00602E+11,20060224 404,2006 2 24,404,NA,17,499528.4646,2905927.128
121,F,A,2,DRY,DAY,NA,NA,2.00602E+11,20060224 1803,2006 2 24,1803,NA,17,499224.7914,2906126.078
121,F,A,2,DRY,NIGHT,NA,NA,2.00602E+11,20060225 104,2006 2 25,104,NA,17,499585.9693,2906179.291
121,F,A,2,DRY,DAY,NA,NA,2.00602E+11,20060225 1503,2006 2 25,1503,NA,17,499499.1617,2905907.144
121,F,A,2,DRY,NIGHT,NA,NA,2.00602E+11,20060225 2204,2006 2 25,2204,NA,17,499352.1184,2906042.449
121,F,A,2,DRY,NIGHT,NA,NA,2.00602E+11,20060226 1904,2006 2 26,1904,NA,17,499270.8514,2906071.422
121,F,A,2,DRY,NIGHT,NA,NA,2.00602E+11,20060227 204,2006 2 27,204,NA,17,499200.4629,2905917.669
121,F,A,2,DRY,DAY,NA,NA,2.00602E+11,20060227 1603,2006 2 27,1603,NA,17,499498.1798,2906073.817
121,F,A,2,DRY,NIGHT,NA,NA,2.00602E+11,20060227 2304,2006 2 27,2304,NA,17,500075.5902,2905646.474
121,F,A,2,DRY,NIGHT,NA,NA,2.00602E+11,20060228 2004,2006 2 28,2004,NA,17,499380.8972,2905909.233
121,F,A,2,DRY,NIGHT,NA,NA,2.00603E+11,20060301 304,2006 3 1,304,NA,17,499441.2572,2905966.403
121,F,A,2,DRY,DAY,NA,NA,2.00603E+11,20060301 1004,2006 3 1,1004,NA,17,499308.0729,2906140.223
121,F,A,2,DRY,DAY,NA,NA,2.00603E+11,20060301 1704,2006 3 1,1704,NA,17,499349.1029,2905928.813
121,F,A,2,DRY,NIGHT,NA,NA,2.00603E+11,20060302 004,2006 3 2,4,NA,17,499778.2034,2905788.975
121,F,A,2,DRY,DAY,NA,NA,2.00603E+11,20060302 704,2006 3 2,704,NA,17,499361.9141,2906002.238
121,F,A,2,DRY,DAY,NA,NA,2.00603E+11,20060302 1404,2006 3 2,1404,NA,17,499303.1274,2905962.302
121,F,A,2,DRY,NIGHT,NA,NA,2.00603E+11,20060302 2103,2006 3 2,2103,NA,17,499533.2948,2906168.162
121,F,A,2,DRY,NIGHT,NA,NA,2.00603E+11,20060303 404,2006 3 3,404,NA,17,499486.1836,2905962.101
121,F,A,2,DRY,DAY,NA,NA,2.00603E+11,20060303 1104,2006 3 3,1104,NA,17,499116.2386,2905561.439
121,F,A,2,DRY,NIGHT,NA,NA,2.00603E+11,20060304 103,2006 3 4,103,NA,17,499528.2386,2905857.682
121,F,A,2,DRY,DAY,NA,NA,2.00603E+11,20060304 1503,2006 3 4,1503,NA,17,499194.1576,2906210.116
121,F,A,2,DRY,NIGHT,NA,NA,2.00603E+11,20060304 2204,2006 3 4,2204,NA,17,499638.105,2906827.546
121,F,A,2,DRY,NIGHT,NA,NA,2.00603E+11,20060305 504,2006 3 5,504,NA,17,501826.9982,2906933.203
121,F,A,2,DRY,NIGHT,NA,NA,2.00603E+11,20060305 1903,2006 3 5,1903,NA,17,499406.5358,2905911.282
121,F,A,2,DRY,NIGHT,NA,NA,2.00603E+11,20060306 203,2006 3 6,203,NA,17,499390.8982,2905865.349
121,F,A,2,DRY,DAY,NA,NA,2.00603E+11,20060306 904,2006 3 6,904,NA,17,499562.9924,2906119.841
121,F,A,2,DRY,DAY,NA,NA,2.00603E+11,20060306 1603,2006 3 6,1603,NA,17,499518.8338,2906071.312
121,F,A,2,DRY,NIGHT,NA,NA,2.00603E+11,20060307 2003,2006 3 7,2003,NA,17,499325.2688,2905723.553
121,F,A,2,DRY,NIGHT,NA,NA,2.00603E+11,20060308 304,2006 3 8,304,NA,17,499178.4414,2905835.475
121,F,A,2,DRY,DAY,NA,NA,2.00603E+11,20060308 1703,2006 3 8,1703,NA,17,499097.9595,2905926.136
121,F,A,2,DRY,DAY,NA,NA,2.00603E+11,20060309 704,2006 3 9,704,NA,17,499295.6775,2905967.171
121,F,A,2,DRY,DAY,NA,NA,2.00603E+11,20060309 1403,2006 3 9,1403,NA,17,499292.0022,2905708.48
121,F,A,2,DRY,NIGHT,NA,NA,2.00603E+11,20060309 2103,2006 3 9,2103,NA,17,500888.9875,2906193.724
121,F,A,2,DRY,NIGHT,NA,NA,2.00603E+11,20060310 403,2006 3 10,403,NA,17,499407.7535,2905907.081
121,F,A,2,DRY,DAY,NA,NA,2.00603E+11,20060311 1504,2006 3 11,1504,NA,17,500592.2555,2905827.923
121,F,A,2,DRY,NIGHT,NA,NA,2.00603E+11,20060311 2204,2006 3 11,2204,NA,17,499588.0587,2905736.507
121,F,A,2,DRY,NIGHT,NA,NA,2.00603E+11,20060314 515,2006 3 14,515,NA,17,499435.8473,2905989.892
121,F,A,2,DRY,DAY,NA,NA,2.00603E+11,20060314 1203,2006 3 14,1203,NA,17,499118.2843,2905733.346
121,F,A,2,DRY,NIGHT,NA,NA,2.00603E+11,20060314 1903,2006 3 14,1903,NA,17,499353.5587,2905903.562
121,F,A,2,DRY,NIGHT,NA,NA,2.00603E+11,20060315 203,2006 3 15,203,NA,17,502448.6321,2904817.938
121,F,A,2,DRY,DAY,NA,NA,2.00603E+11,20060315 903,2006 3 15,903,NA,17,499183.0061,2905904.709
121,F,A,2,DRY,DAY,NA,NA,2.00603E+11,20060315 1604,2006 3 15,1604,NA,17,499094.1317,2905839.35
121,F,A,2,DRY,NIGHT,NA,NA,2.00603E+11,20060316 603,2006 3 16,603,NA,17,498820.0569,2906336.06
121,F,A,2,DRY,DAY,NA,NA,2.00603E+11,20060316 1304,2006 3 16,1304,NA,17,499331.2258,2905708.788
121,F,A,2,DRY,NIGHT,NA,NA,2.00603E+11,20060317 304,2006 3 17,304,NA,17,499429.4266,2905812.077
121,F,A,2,DRY,DAY,NA,NA,2.00603E+11,20060317 1004,2006 3 17,1004,NA,17,500088.1925,2904285.496
121,F,A,2,DRY,DAY,NA,NA,2.00603E+11,20060317 1703,2006 3 17,1703,NA,17,501862.7293,2905965.537
121,F,A,2,DRY,NIGHT,NA,NA,2.00603E+11,20060318 003,2006 3 18,3,NA,17,500073.1669,2906131.629
121,F,A,2,DRY,DAY,NA,NA,2.00603E+11,20060318 704,2006 3 18,704,NA,17,499399.6066,2905839.744
121,F,A,2,DRY,DAY,NA,NA,2.00603E+11,20060318 1403,2006 3 18,1403,NA,17,499215.9142,2906053.22
121,F,A,2,DRY,NIGHT,NA,NA,2.00603E+11,20060318 2104,2006 3 18,2104,NA,17,499364.5204,2905854.575
121,F,A,2,DRY,NIGHT,NA,NA,2.00603E+11,20060319 403,2006 3 19,403,NA,17,499227.5026,2906041.016
121,F,A,2,DRY,DAY,NA,NA,2.00603E+11,20060319 1104,2006 3 19,1104,NA,17,499405.9242,2905953.27
121,F,A,2,DRY,DAY,NA,NA,2.00603E+11,20060319 1803,2006 3 19,1803,NA,17,499325.1002,2905830.219
121,F,A,2,DRY,NIGHT,NA,NA,2.00603E+11,20060320 104,2006 3 20,104,NA,17,498687.9556,2906816.867
121,F,A,2,DRY,DAY,NA,NA,2.00603E+11,20060320 803,2006 3 20,803,NA,17,498942.2963,2906153.298
121,F,A,2,DRY,DAY,NA,NA,2.00603E+11,20060320 1504,2006 3 20,1504,NA,17,499246.3428,2905901.83
121,F,A,2,DRY,NIGHT,NA,NA,2.00603E+11,20060320 2204,2006 3 20,2204,NA,17,499176.5044,2905661.808
121,F,A,2,DRY,NIGHT,NA,NA,2.00603E+11,20060321 503,2006 3 21,503,NA,17,499266.4403,2905749.282
121,F,A,2,DRY,DAY,NA,NA,2.00603E+11,20060321 1204,2006 3 21,1204,NA,17,499418.7096,2905934.742
121,F,A,2,DRY,NIGHT,NA,NA,2.00603E+11,20060321 1903,2006 3 21,1903,NA,17,499422.0298,2905803.319
121,F,A,2,DRY,NIGHT,NA,NA,2.00603E+11,20060322 204,2006 3 22,204,NA,17,501079.3633,2904667.575
121,F,A,2,DRY,DAY,NA,NA,2.00603E+11,20060322 1603,2006 3 22,1603,NA,17,500686.755,2904751.131
121,F,A,2,DRY,NIGHT,NA,NA,2.00603E+11,20060322 2303,2006 3 22,2303,NA,17,499872.3646,2905959.211
121,F,A,2,DRY,NIGHT,NA,NA,2.00603E+11,20060323 604,2006 3 23,604,NA,17,499274.144,2905822.106
121,F,A,2,DRY,DAY,NA,NA,2.00603E+11,20060323 1303,2006 3 23,1303,NA,17,499109.0534,2905832.225
121,F,A,2,DRY,NIGHT,NA,NA,2.00603E+11,20060324 303,2006 3 24,303,NA,17,500688.8687,2907367.523
121,F,A,2,DRY,DAY,NA,NA,2.00603E+11,20060324 1004,2006 3 24,1004,NA,17,500711.166,2907334.869
121,F,A,2,DRY,DAY,NA,NA,2.00603E+11,20060324 1703,2006 3 24,1703,NA,17,500816.4255,2907380.194
121,F,A,2,DRY,NIGHT,NA,NA,2.00603E+11,20060325 004,2006 3 25,4,NA,17,499405.0461,2905944.758
121,F,A,2,DRY,DAY,NA,NA,2.00603E+11,20060325 703,2006 3 25,703,NA,17,499143.8339,2905825.972
121,F,A,2,DRY,DAY,NA,NA,2.00603E+11,20060325 1404,2006 3 25,1404,NA,17,499334.2492,2905763.696
121,F,A,2,DRY,NIGHT,NA,NA,2.00603E+11,20060326 403,2006 3 26,403,NA,17,499093.9972,2905791.935
121,F,A,2,DRY,DAY,NA,NA,2.00603E+11,20060326 1104,2006 3 26,1104,NA,17,499270.6412,2906034.74
121,F,A,2,DRY,DAY,NA,NA,2.00603E+11,20060326 1803,2006 3 26,1803,NA,17,499446.6437,2905915.138
121,F,A,2,DRY,NIGHT,NA,NA,2.00603E+11,20060327 104,2006 3 27,104,NA,17,497557.5631,2901276.339
121,F,A,2,DRY,DAY,NA,NA,2.00603E+11,20060327 803,2006 3 27,803,NA,17,499847.1052,2902247.373
121,F,A,2,DRY,DAY,NA,NA,2.00603E+11,20060327 1503,2006 3 27,1503,NA,17,500998.6762,2905496.81
121,F,A,2,DRY,NIGHT,NA,NA,2.00603E+11,20060327 2203,2006 3 27,2203,NA,17,500498.2468,2905541.781
121,F,A,2,DRY,NIGHT,NA,NA,2.00603E+11,20060328 504,2006 3 28,504,NA,17,500266.2355,2907521.915
121,F,A,2,DRY,NIGHT,NA,NA,2.00603E+11,20060328 1903,2006 3 28,1903,NA,17,499963.135,2907548.066
121,F,A,2,DRY,NIGHT,NA,NA,2.00603E+11,20060329 203,2006 3 29,203,NA,17,500926.725,2907043.153
121,F,A,2,DRY,DAY,NA,NA,2.00603E+11,20060329 1604,2006 3 29,1604,NA,17,498306.7305,2902974.097
121,F,A,2,DRY,NIGHT,NA,NA,2.00603E+11,20060330 603,2006 3 30,603,NA,17,501031.7253,2901991.858
121,F,A,2,DRY,DAY,NA,NA,2.00603E+11,20060330 1304,2006 3 30,1304,NA,17,499614.8982,2900745.661
121,F,A,2,DRY,NIGHT,NA,NA,2.00603E+11,20060330 2003,2006 3 30,2003,NA,17,497906.3088,2900566.855
121,F,A,2,DRY,NIGHT,NA,NA,2.00603E+11,20060331 303,2006 3 31,303,NA,17,495034.9589,2904388.876
121,F,A,2,DRY,DAY,NA,NA,2.00603E+11,20060331 1003,2006 3 31,1003,NA,17,495301.9569,2906127.014
121,F,A,2,DRY,DAY,NA,NA,2.00603E+11,20060331 1703,2006 3 31,1703,NA,17,495128.8972,2905598.244
121,F,A,2,DRY,NIGHT,NA,NA,2.00604E+11,20060401 003,2006 4 1,3,NA,17,496859.6086,2906584.278
121,F,A,2,DRY,DAY,NA,NA,2.00604E+11,20060401 704,2006 4 1,704,NA,17,498820.1559,2902534.492
121,F,A,2,DRY,DAY,NA,NA,2.00604E+11,20060401 1403,2006 4 1,1403,NA,17,499058.3001,2902502.593
121,F,A,2,DRY,NIGHT,NA,NA,2.00604E+11,20060402 504,2006 4 2,504,NA,17,499437.7931,2905796.266
121,F,A,2,DRY,DAY,NA,NA,2.00604E+11,20060402 1204,2006 4 2,1204,NA,17,499407.2383,2906030.906
121,F,A,2,DRY,NIGHT,NA,NA,2.00604E+11,20060402 1904,2006 4 2,1904,NA,17,499360.748,2905942.686
121,F,A,2,DRY,NIGHT,NA,NA,2.00604E+11,20060403 204,2006 4 3,204,NA,17,499185.1935,2905873.677
121,F,A,2,DRY,DAY,NA,NA,2.00604E+11,20060403 1604,2006 4 3,1604,NA,17,499130.9819,2905752.777
121,F,A,2,DRY,NIGHT,NA,NA,2.00604E+11,20060404 604,2006 4 4,604,NA,17,498992.462,2902407.044
121,F,A,2,DRY,NIGHT,NA,NA,2.00604E+11,20060404 2003,2006 4 4,2003,NA,17,499434.7533,2905804.777
121,F,A,2,DRY,NIGHT,NA,NA,2.00604E+11,20060405 303,2006 4 5,303,NA,17,499343.6589,2905839.736
121,F,A,2,DRY,DAY,NA,NA,2.00604E+11,20060405 1703,2006 4 5,1703,NA,17,499428.1817,2905642.583
121,F,A,2,DRY,NIGHT,NA,NA,2.00604E+11,20060406 003,2006 4 5,3,NA,17,499299.849,2907325.75
121,F,A,2,DRY,DAY,NA,NA,2.00604E+11,20060406 703,2006 4 6,703,NA,17,501373.5561,2907234.77
121,F,A,2,DRY,DAY,NA,NA,2.00604E+11,20060406 1403,2006 4 6,1403,NA,17,501171.8545,2907205.644
121,F,A,2,DRY,NIGHT,NA,NA,2.00604E+11,20060406 2103,2006 4 6,2103,NA,17,501430.7644,2907128.825
121,F,A,2,DRY,NIGHT,NA,NA,2.00604E+11,20060407 403,2006 4 7,403,NA,17,499247.8958,2905718.55
121,F,A,2,DRY,DAY,NA,NA,2.00604E+11,20060407 1804,2006 4 7,1804,NA,17,499221.0307,2905992.168
121,F,A,2,DRY,DAY,NA,NA,2.00604E+11,20060408 804,2006 4 8,804,NA,17,499209.5814,2905984.744
121,F,A,2,DRY,DAY,NA,NA,2.00604E+11,20060408 1504,2006 4 8,1504,NA,17,499304.0704,2906054.834
121,F,A,2,DRY,NIGHT,NA,NA,2.00604E+11,20060408 2203,2006 4 8,2203,NA,17,499422.0844,2905955.26
121,F,A,2,DRY,NIGHT,NA,NA,2.00604E+11,20060409 503,2006 4 9,503,NA,17,499180.3566,2905722.094
121,F,A,2,DRY,NIGHT,NA,NA,2.00604E+11,20060409 1904,2006 4 9,1904,NA,17,499124.088,2906023.414
121,F,A,2,DRY,NIGHT,NA,NA,2.00604E+11,20060410 204,2006 4 10,204,NA,17,497399.6998,2902962.428
121,F,A,2,DRY,DAY,NA,NA,2.00604E+11,20060410 904,2006 4 10,904,NA,17,499091.1774,2903989.055
121,F,A,2,DRY,DAY,NA,NA,2.00604E+11,20060410 1603,2006 4 10,1603,NA,17,499420.2738,2905909.151
121,F,A,2,DRY,NIGHT,NA,NA,2.00604E+11,20060410 2304,2006 4 10,2304,NA,17,499291.4944,2906025.163
121,F,A,2,DRY,NIGHT,NA,NA,2.00604E+11,20060411 2004,2006 4 11,2004,NA,17,502045.1175,2905332.765
121,F,A,2,DRY,NIGHT,NA,NA,2.00604E+11,20060412 304,2006 4 12,304,NA,17,501833.527,2905391.648
121,F,A,2,DRY,DAY,NA,NA,2.00604E+11,20060412 1704,2006 4 12,1704,NA,17,499442.5323,2905966.897
121,F,A,2,DRY,DAY,NA,NA,2.00604E+11,20060413 704,2006 4 13,704,NA,17,498895.9721,2905661.893
121,F,A,2,DRY,DAY,NA,NA,2.00604E+11,20060413 1404,2006 4 13,1404,NA,17,497186.8312,2904140.237
121,F,A,2,DRY,NIGHT,NA,NA,2.00604E+11,20060413 2104,2006 4 13,2104,NA,17,500610.2941,2905566.442
121,F,A,2,DRY,NIGHT,NA,NA,2.00604E+11,20060414 404,2006 4 14,404,NA,17,500829.1596,2905715.448
121,F,A,2,DRY,DAY,NA,NA,2.00604E+11,20060414 1804,2006 4 14,1804,NA,17,499343.2661,2905916.828
121,F,A,2,DRY,DAY,NA,NA,2.00604E+11,20060415 804,2006 4 15,804,NA,17,497161.4214,2903907.936
121,F,A,2,DRY,DAY,NA,NA,2.00604E+11,20060415 1503,2006 4 15,1503,NA,17,500161.7594,2903882.36
121,F,A,2,DRY,NIGHT,NA,NA,2.00604E+11,20060415 2203,2006 4 15,2203,NA,17,500912.7198,2906549.721
121,F,A,2,DRY,NIGHT,NA,NA,2.00604E+11,20060416 503,2006 4 16,503,NA,17,499101.5667,2905812.711
121,F,A,2,DRY,DAY,NA,NA,2.00604E+11,20060416 1204,2006 4 16,1204,NA,17,499084.9142,2905723.713
121,F,A,2,DRY,NIGHT,NA,NA,2.00604E+11,20060416 1903,2006 4 16,1903,NA,17,501066.9338,2906105.347
121,F,A,2,DRY,NIGHT,NA,NA,2.00604E+11,20060417 2304,2006 4 17,2304,NA,17,499131.4902,2905784.753
121,F,A,2,DRY,NIGHT,NA,NA,2.00604E+11,20060418 603,2006 4 18,603,NA,17,499136.667,2905679.934
121,F,A,2,DRY,DAY,NA,NA,2.00604E+11,20060418 1303,2006 4 18,1303,NA,17,499287.4589,2905840.836
121,F,A,2,DRY,NIGHT,NA,NA,2.00604E+11,20060418 2003,2006 4 18,2003,NA,17,499315.0022,2905865.061
121,F,A,2,DRY,NIGHT,NA,NA,2.00604E+11,20060419 303,2006 4 19,303,NA,17,498103.7618,2905553.393
121,F,A,2,DRY,DAY,NA,NA,2.00604E+11,20060419 1003,2006 4 19,1003,NA,17,500546.4985,2905338.578
121,F,A,2,DRY,DAY,NA,NA,2.00604E+11,20060419 1703,2006 4 19,1703,NA,17,500384.6048,2906367.504
121,F,A,2,DRY,NIGHT,NA,NA,2.00604E+11,20060420 003,2006 4 19,3,NA,17,499293.9505,2905907.322
121,F,A,2,DRY,DAY,NA,NA,2.00604E+11,20060420 703,2006 4 20,703,NA,17,499217.3251,2905935.576
121,F,A,2,DRY,DAY,NA,NA,2.00604E+11,20060420 1404,2006 4 20,1404,NA,17,499262.5695,2905868.666
121,F,A,2,DRY,NIGHT,NA,NA,2.00604E+11,20060420 2104,2006 4 20,2104,NA,17,497410.5628,2907175.088
121,F,A,2,DRY,NIGHT,NA,NA,2.00604E+11,20060421 403,2006 4 21,403,NA,17,501569.5653,2906328.318
121,F,A,2,DRY,DAY,NA,NA,2.00604E+11,20060421 1103,2006 4 21,1103,NA,17,499247.4067,2905992.664
121,F,A,2,DRY,DAY,NA,NA,2.00604E+11,20060421 1803,2006 4 21,1803,NA,17,498199.2997,2905870.459
121,F,A,2,DRY,NIGHT,NA,NA,2.00604E+11,20060422 103,2006 4 22,103,NA,17,496521.5718,2905383.414
121,F,A,2,DRY,DAY,NA,NA,2.00604E+11,20060422 1503,2006 4 22,1503,NA,17,498163.1554,2905718.324
121,F,A,2,DRY,NIGHT,NA,NA,2.00604E+11,20060422 2204,2006 4 22,2204,NA,17,496611.1495,2905059.87
121,F,A,2,DRY,NIGHT,NA,NA,2.00604E+11,20060423 503,2006 4 23,503,NA,17,496551.9792,2905436.19
121,F,A,2,DRY,NIGHT,NA,NA,2.00604E+11,20060423 1903,2006 4 23,1903,NA,17,496587.3187,2905102.38
121,F,A,2,DRY,NIGHT,NA,NA,2.00604E+11,20060424 203,2006 4 24,203,NA,17,496537.2639,2905073.536
121,F,A,2,DRY,NIGHT,NA,NA,2.00604E+11,20060424 2303,2006 4 24,2303,NA,17,497863.6962,2905684.663
121,F,A,2,DRY,NIGHT,NA,NA,2.00604E+11,20060425 2003,2006 4 25,2003,NA,17,497802.0165,2905572.138
121,F,A,2,DRY,NIGHT,NA,NA,2.00604E+11,20060426 303,2006 4 26,303,NA,17,497644.374,2905714.889
121,F,A,2,DRY,DAY,NA,NA,2.00604E+11,20060426 1703,2006 4 26,1703,NA,17,498026.7601,2904902.387
121,F,A,2,DRY,NIGHT,NA,NA,2.00604E+11,20060427 003,2006 4 26,3,NA,17,499833.1229,2904553.82
121,F,A,2,DRY,NIGHT,NA,NA,2.00604E+11,20060427 2103,2006 4 27,2103,NA,17,498336.0276,2905517.373
121,F,A,2,DRY,NIGHT,NA,NA,2.00604E+11,20060428 403,2006 4 28,403,NA,17,498363.2398,2905740.772
121,F,A,2,DRY,DAY,NA,NA,2.00604E+11,20060428 1804,2006 4 28,1804,NA,17,500081.256,2904753.992
121,F,A,2,DRY,NIGHT,NA,NA,2.00604E+11,20060429 103,2006 4 29,103,NA,17,500222.9426,2904867.497
121,F,A,2,DRY,DAY,NA,NA,2.00604E+11,20060429 804,2006 4 29,804,NA,17,498063.3702,2905905.411
121,F,A,2,DRY,DAY,NA,NA,2.00604E+11,20060429 1504,2006 4 29,1504,NA,17,498136.4021,2905590.652
121,F,A,2,DRY,NIGHT,NA,NA,2.00604E+11,20060430 503,2006 4 30,503,NA,17,496809.4986,2903801.292
121,F,A,2,DRY,NIGHT,NA,NA,2.00605E+11,20060501 203,2006 5 1,203,NA,17,497818.8245,2905306.682
121,F,A,2,DRY,DAY,NA,NA,2.00605E+11,20060501 904,2006 5 1,904,NA,17,497112.5331,2903660.418
121,F,A,2,DRY,DAY,NA,NA,2.00605E+11,20060501 1604,2006 5 1,1604,NA,17,496870.2329,2903564.28
121,F,A,2,DRY,NIGHT,NA,NA,2.00605E+11,20060501 2303,2006 5 1,2303,NA,17,497881.8469,2905359.933
121,F,A,2,DRY,NIGHT,NA,NA,2.00605E+11,20060502 603,2006 5 2,603,NA,17,497186.6546,2903526.561
121,F,A,2,DRY,NIGHT,NA,NA,2.00605E+11,20060502 2004,2006 5 2,2004,NA,17,497904.9497,2904695.533
121,F,A,2,DRY,NIGHT,NA,NA,2.00605E+11,20060503 303,2006 5 3,303,NA,17,497984.7498,2905407.583
121,F,A,2,DRY,DAY,NA,NA,2.00605E+11,20060503 1704,2006 5 3,1704,NA,17,497884.8018,2905326.187
121,F,A,2,DRY,NIGHT,NA,NA,2.00605E+11,20060504 004,2006 5 3,4,NA,17,498166.5108,2905725.817
121,F,A,2,DRY,DAY,NA,NA,2.00605E+11,20060504 703,2006 5 4,703,NA,17,497789.4436,2904524.426
121,F,A,2,DRY,DAY,NA,NA,2.00605E+11,20060504 1403,2006 5 4,1403,NA,17,497849.6432,2905374.068
121,F,A,2,DRY,NIGHT,NA,NA,2.00605E+11,20060505 404,2006 5 5,404,NA,17,497898.5992,2906401.976
121,F,A,2,DRY,DAY,NA,NA,2.00605E+11,20060505 1104,2006 5 5,1104,NA,17,496328.1502,2906207.528
121,F,A,2,DRY,DAY,NA,NA,2.00605E+11,20060505 1803,2006 5 5,1803,NA,17,500433.5378,2906045.535
121,F,A,2,DRY,NIGHT,NA,NA,2.00605E+11,20060506 2203,2006 5 6,2203,NA,17,497956.5428,2907505.752
121,F,A,2,DRY,NIGHT,NA,NA,2.00605E+11,20060507 503,2006 5 7,503,NA,17,497193.0471,2905707.471
121,F,A,2,DRY,DAY,NA,NA,2.00605E+11,20060507 1204,2006 5 7,1204,NA,17,498094.9174,2906687.473
121,F,A,2,DRY,NIGHT,NA,NA,2.00605E+11,20060507 1904,2006 5 7,1904,NA,17,499694.2848,2906827.521
121,F,A,2,DRY,DAY,NA,NA,2.00605E+11,20060508 904,2006 5 8,904,NA,17,499319.3887,2906634.438
121,F,A,2,DRY,DAY,NA,NA,2.00605E+11,20060508 1603,2006 5 8,1603,NA,17,501355.5859,2906991.192
121,F,A,2,DRY,NIGHT,NA,NA,2.00605E+11,20060508 2304,2006 5 8,2304,NA,17,502292.8429,2906603.698
121,F,A,2,DRY,DAY,NA,NA,2.00605E+11,20060509 1304,2006 5 9,1304,NA,17,499797.2465,2906422.775
121,F,A,2,DRY,NIGHT,NA,NA,2.00605E+11,20060509 2003,2006 5 9,2003,NA,17,500101.8543,2906598.117
121,F,A,2,DRY,NIGHT,NA,NA,2.00605E+11,20060510 304,2006 5 10,304,NA,17,502617.7284,2906553.771
121,F,A,2,DRY,NIGHT,NA,NA,2.00605E+11,20060511 2103,2006 5 11,2103,NA,17,499862.3245,2906465.938
121,F,A,2,DRY,NIGHT,NA,NA,2.00605E+11,20060512 404,2006 5 12,404,NA,17,502195.1123,2905867.944
121,F,A,2,DRY,DAY,NA,NA,2.00605E+11,20060512 1103,2006 5 12,1103,NA,17,501224.9009,2907077.399
121,F,A,2,DRY,DAY,NA,NA,2.00605E+11,20060512 1804,2006 5 12,1804,NA,17,501419.5601,2906029.773
121,F,A,2,DRY,NIGHT,NA,NA,2.00605E+11,20060513 103,2006 5 13,103,NA,17,499856.7098,2906713.028
121,F,A,2,DRY,DAY,NA,NA,2.00605E+11,20060513 803,2006 5 13,803,NA,17,499701.2968,2906499.163
121,F,A,2,DRY,DAY,NA,NA,2.00605E+11,20060513 1504,2006 5 13,1504,NA,17,499738.8982,2906876.453
121,F,A,2,DRY,NIGHT,NA,NA,2.00605E+11,20060513 2204,2006 5 13,2204,NA,17,500477.3401,2906280.312
121,F,A,2,DRY,NIGHT,NA,NA,2.00605E+11,20060514 503,2006 5 14,503,NA,17,500321.7186,2906184.34
121,F,A,2,DRY,NIGHT,NA,NA,2.00605E+11,20060514 1903,2006 5 14,1903,NA,17,500237.0579,2906093.165
121,F,A,2,WET,NIGHT,NA,NA,2.00605E+11,20060515 2304,2006 5 15,2304,NA,17,500020.9942,2906557.498
121,F,A,2,WET,NIGHT,NA,NA,2.00605E+11,20060516 604,2006 5 16,604,NA,17,500038.3228,2906606.912
121,F,A,2,WET,DAY,NA,NA,2.00605E+11,20060516 1303,2006 5 16,1303,NA,17,499743.0798,2906423.314
121,F,A,2,WET,NIGHT,NA,NA,2.00605E+11,20060516 2003,2006 5 16,2003,NA,17,500015.63,2906501.026
121,F,A,2,WET,NIGHT,NA,NA,2.00605E+11,20060517 303,2006 5 17,303,NA,17,499897.1769,2906471.581
121,F,A,2,WET,DAY,NA,NA,2.00605E+11,20060517 1003,2006 5 17,1003,NA,17,499110.4588,2907611.232
121,F,A,2,WET,DAY,NA,NA,2.00605E+11,20060517 1703,2006 5 17,1703,NA,17,500699.4254,2907172.437
121,F,A,2,WET,NIGHT,NA,NA,2.00605E+11,20060518 004,2006 5 17,4,NA,17,500328.2548,2907101.683
121,F,A,2,WET,DAY,NA,NA,2.00605E+11,20060518 704,2006 5 18,704,NA,17,500295.0302,2907153.65
121,F,A,2,WET,DAY,NA,NA,2.00605E+11,20060519 1104,2006 5 19,1104,NA,17,498860.7362,2907612.338
121,F,A,2,WET,DAY,NA,NA,2.00605E+11,20060519 1803,2006 5 19,1803,NA,17,498832.9038,2907550.195
121,F,A,2,WET,DAY,NA,NA,2.00605E+11,20060520 1503,2006 5 20,1503,NA,17,499761.2095,2906306.968
121,F,A,2,WET,NIGHT,NA,NA,2.00605E+11,20060520 2203,2006 5 20,2203,NA,17,500106.9889,2906548.126
121,F,A,2,WET,NIGHT,NA,NA,2.00605E+11,20060521 503,2006 5 21,503,NA,17,500049.8893,2906542.006
121,F,A,2,WET,NIGHT,NA,NA,2.00605E+11,20060522 203,2006 5 22,203,NA,17,499282.7291,2906583.204
121,F,A,2,WET,DAY,NA,NA,2.00605E+11,20060522 904,2006 5 22,904,NA,17,497149.028,2907380.391
121,F,A,2,WET,NIGHT,NA,NA,2.00605E+11,20060522 2303,2006 5 22,2303,NA,17,497869.2194,2907475.472
121,F,A,2,WET,NIGHT,NA,NA,2.00605E+11,20060523 603,2006 5 23,603,NA,17,497817.4561,2907511.852
121,F,A,2,WET,NIGHT,NA,NA,2.00605E+11,20060525 004,2006 5 24,4,NA,17,498206.3629,2907008.435
121,F,A,2,WET,DAY,NA,NA,2.00605E+11,20060525 703,2006 5 25,703,NA,17,498104.3691,2906688.129
121,F,A,2,WET,DAY,NA,NA,2.00605E+11,20060525 1404,2006 5 25,1404,NA,17,497999.0125,2906627.537
121,F,A,2,WET,NIGHT,NA,NA,2.00605E+11,20060525 2103,2006 5 25,2103,NA,17,498626.4274,2903956.76
121,F,A,2,WET,NIGHT,NA,NA,2.00605E+11,20060527 103,2006 5 27,103,NA,17,499506.6788,2905063.645
121,F,A,2,WET,NIGHT,NA,NA,2.00605E+11,20060527 2203,2006 5 27,2203,NA,17,499763.2728,2905121.181
121,F,A,2,WET,NIGHT,NA,NA,2.00605E+11,20060528 504,2006 5 28,504,NA,17,499574.0018,2904950.696
121,F,A,2,WET,DAY,NA,NA,2.00605E+11,20060528 1204,2006 5 28,1204,NA,17,499624.5466,2905072.212
121,F,A,2,WET,NIGHT,NA,NA,2.00605E+11,20060529 203,2006 5 29,203,NA,17,499497.4268,2905097.17
121,F,A,2,WET,DAY,NA,NA,2.00605E+11,20060529 904,2006 5 29,904,NA,17,499498.4672,2904755.509
121,F,A,2,WET,NIGHT,NA,NA,2.00605E+11,20060530 2003,2006 5 30,2003,NA,17,498782.9151,2905077.806
121,F,A,2,WET,NIGHT,NA,NA,2.00606E+11,20060601 003,2006 5 31,3,NA,17,500046.4672,2904244.264
121,F,A,2,WET,DAY,NA,NA,2.00606E+11,20060601 703,2006 6 1,703,NA,17,499627.8718,2903864.323
121,F,A,2,WET,DAY,NA,NA,2.00606E+11,20060601 1404,2006 6 1,1404,NA,17,499657.2639,2903911.973
121,F,A,2,WET,NIGHT,NA,NA,2.00606E+11,20060601 2103,2006 6 1,2103,NA,17,499076.6449,2904269.995
121,F,A,2,WET,NIGHT,NA,NA,2.00606E+11,20060602 403,2006 6 2,403,NA,17,499623.1351,2905940.383
121,F,A,2,WET,DAY,NA,NA,2.00606E+11,20060602 1104,2006 6 2,1104,NA,17,500096.4097,2907076.135
121,F,A,2,WET,NIGHT,NA,NA,2.00606E+11,20060603 103,2006 6 3,103,NA,17,500804.354,2907036.104
121,F,A,2,WET,NIGHT,NA,NA,2.00606E+11,20060603 2204,2006 6 3,2204,NA,17,500755.1803,2906990.647
121,F,A,2,WET,NIGHT,NA,NA,2.00606E+11,20060604 504,2006 6 4,504,NA,17,500720.5904,2906886.434
121,F,A,2,WET,DAY,NA,NA,2.00606E+11,20060604 1204,2006 6 4,1204,NA,17,500724.8779,2907113.799
121,F,A,2,WET,DAY,NA,NA,2.00606E+11,20060605 904,2006 6 5,904,NA,17,500709.6883,2906649.28
121,F,A,2,WET,DAY,NA,NA,2.00606E+11,20060605 1603,2006 6 5,1603,NA,17,500585.9745,2907076.031
121,F,A,2,WET,NIGHT,NA,NA,2.00606E+11,20060605 2303,2006 6 5,2303,NA,17,499511.4926,2907160.802
121,F,A,2,WET,NIGHT,NA,NA,2.00606E+11,20060606 604,2006 6 6,604,NA,17,499812.6757,2906975.08
121,F,A,2,WET,NIGHT,NA,NA,2.00606E+11,20060606 2004,2006 6 6,2004,NA,17,499145.1491,2907047.581
121,F,A,2,WET,NIGHT,NA,NA,2.00606E+11,20060607 304,2006 6 7,304,NA,17,498695.3227,2906462.668
121,F,A,2,WET,DAY,NA,NA,2.00606E+11,20060607 1004,2006 6 7,1004,NA,17,497031.0006,2907405.79
121,F,A,2,WET,NIGHT,NA,NA,2.00606E+11,20060608 003,2006 6 7,3,NA,17,497529.6827,2907329.254
121,F,A,2,WET,DAY,NA,NA,2.00606E+11,20060608 1404,2006 6 8,1404,NA,17,496269.1651,2905450.082
121,F,A,2,WET,DAY,NA,NA,2.00606E+11,20060609 1104,2006 6 9,1104,NA,17,495587.7828,2906526.183
121,F,A,2,WET,NIGHT,NA,NA,2.00606E+11,20060610 2204,2006 6 10,2204,NA,17,495498.8701,2906429.839
121,F,A,2,WET,NIGHT,NA,NA,2.00606E+11,20060611 1904,2006 6 11,1904,NA,17,495668.2828,2906272.068
121,F,A,2,WET,NIGHT,NA,NA,2.00606E+11,20060613 2004,2006 6 13,2004,NA,17,495988.6302,2906232.74
121,F,A,2,WET,NIGHT,NA,NA,2.00606E+11,20060615 003,2006 6 14,3,NA,17,495890.3982,2906350.404
121,F,A,2,WET,DAY,NA,NA,2.00606E+11,20060615 703,2006 6 15,703,NA,17,496017.7228,2906199.574
121,F,A,2,WET,NIGHT,NA,NA,2.00606E+11,20060615 2103,2006 6 15,2103,NA,17,496006.612,2906288.091
121,F,A,2,WET,NIGHT,NA,NA,2.00606E+11,20060616 403,2006 6 16,403,NA,17,496087.56,2906129.225
121,F,A,2,WET,NIGHT,NA,NA,2.00606E+11,20060617 103,2006 6 17,103,NA,17,495992.2153,2905758.777
121,F,A,2,WET,DAY,NA,NA,2.00606E+11,20060617 804,2006 6 17,804,NA,17,496891.276,2905718.385
121,F,A,2,WET,DAY,NA,NA,2.00606E+11,20060617 1503,2006 6 17,1503,NA,17,496574.9824,2905861.956
121,F,A,2,WET,NIGHT,NA,NA,2.00606E+11,20060617 2203,2006 6 17,2203,NA,17,496608.6068,2905606.126
121,F,A,2,WET,NIGHT,NA,NA,2.00606E+11,20060618 504,2006 6 18,504,NA,17,496792.0184,2905915.36
121,F,A,2,WET,DAY,NA,NA,2.00606E+11,20060618 1203,2006 6 18,1203,NA,17,496924.2471,2905821.823
121,F,A,2,WET,NIGHT,NA,NA,2.00606E+11,20060618 1903,2006 6 18,1903,NA,17,497092.7802,2903750.617
121,F,A,2,WET,NIGHT,NA,NA,2.00606E+11,20060619 203,2006 6 19,203,NA,17,497506.924,2905567.775
121,F,A,2,WET,DAY,NA,NA,2.00606E+11,20060619 904,2006 6 19,904,NA,17,496433.1437,2905865.047
121,F,A,2,WET,DAY,NA,NA,2.00606E+11,20060620 1304,2006 6 20,1304,NA,17,496189.4622,2905977.654
121,F,A,2,WET,NIGHT,NA,NA,2.00606E+11,20060620 2003,2006 6 20,2003,NA,17,496317.7656,2905859.544
121,F,A,2,WET,DAY,NA,NA,2.00606E+11,20060621 1004,2006 6 21,1004,NA,17,495927.9339,2906108.144
121,F,A,2,WET,NIGHT,NA,NA,2.00606E+11,20060622 004,2006 6 21,4,NA,17,496329.1455,2906186.516
121,F,A,2,WET,NIGHT,NA,NA,2.00606E+11,20060622 2104,2006 6 22,2104,NA,17,495269.9744,2906369.756
121,F,A,2,WET,NIGHT,NA,NA,2.00606E+11,20060623 404,2006 6 23,404,NA,17,495160.3679,2906393.419
121,F,A,2,WET,DAY,NA,NA,2.00606E+11,20060624 1504,2006 6 24,1504,NA,17,493548.4022,2907438.472
121,F,A,2,WET,NIGHT,NA,NA,2.00606E+11,20060625 504,2006 6 25,504,NA,17,493852.3157,2907255.968
121,F,A,2,WET,NIGHT,NA,NA,2.00606E+11,20060625 1904,2006 6 25,1904,NA,17,492989.5152,2906810.5
121,F,A,2,WET,DAY,NA,NA,2.00606E+11,20060626 903,2006 6 26,903,NA,17,493179.1943,2907116.084
121,F,A,2,WET,NIGHT,NA,NA,2.00606E+11,20060626 2303,2006 6 26,2303,NA,17,493006.3728,2906450.827
121,F,A,2,WET,NIGHT,NA,NA,2.00606E+11,20060628 303,2006 6 28,303,NA,17,493371.4588,2906562.775
121,F,A,2,WET,DAY,NA,NA,2.00606E+11,20060629 1404,2006 6 29,1404,NA,17,493311.4548,2906508.975
121,F,A,2,WET,NIGHT,NA,NA,2.00606E+11,20060629 2104,2006 6 29,2104,NA,17,493315.3667,2907008.94
121,F,A,2,WET,DAY,NA,NA,2.00606E+11,20060630 1104,2006 6 30,1104,NA,17,493290.757,2907160.34
121,F,A,2,WET,DAY,NA,NA,2.00606E+11,20060630 1803,2006 6 30,1803,NA,17,493159.7265,2906815.942
121,F,A,2,WET,DAY,NA,NA,2.00607E+11,20060701 804,2006 7 1,804,NA,17,493383.1745,2906913.479
121,F,A,2,WET,NIGHT,NA,NA,2.00607E+11,20060701 2203,2006 7 1,2203,NA,17,493393.4304,2907170.22
121,F,A,2,WET,NIGHT,NA,NA,2.00607E+11,20060702 503,2006 7 2,503,NA,17,493307.3398,2907236.288
121,F,A,2,WET,DAY,NA,NA,2.00607E+11,20060702 1204,2006 7 2,1204,NA,17,492829.0902,2907223.16
121,F,A,2,WET,NIGHT,NA,NA,2.00607E+11,20060703 203,2006 7 3,203,NA,17,493049.4921,2907095.012
121,F,A,2,WET,DAY,NA,NA,2.00607E+11,20060703 1604,2006 7 3,1604,NA,17,492810.419,2907417.484
121,F,A,2,WET,NIGHT,NA,NA,2.00607E+11,20060703 2304,2006 7 3,2304,NA,17,493853.4568,2908157.268
121,F,A,2,WET,DAY,NA,NA,2.00607E+11,20060704 1303,2006 7 4,1303,NA,17,493542.1116,2907959.572
121,F,A,2,WET,NIGHT,NA,NA,2.00607E+11,20060705 304,2006 7 5,304,NA,17,494915.099,2908135.637
121,F,A,2,WET,NIGHT,NA,NA,2.00607E+11,20060706 003,2006 7 5,3,NA,17,494922.931,2908307.987
121,F,A,2,WET,DAY,NA,NA,2.00607E+11,20060707 1104,2006 7 7,1104,NA,17,493648.1112,2907998.09
121,F,A,2,WET,DAY,NA,NA,2.00607E+11,20060707 1804,2006 7 7,1804,NA,17,493271.4472,2908330.722
121,F,A,2,WET,NIGHT,NA,NA,2.00607E+11,20060708 103,2006 7 8,103,NA,17,493186.0045,2908439.057
121,F,A,2,WET,DAY,NA,NA,2.00607E+11,20060708 804,2006 7 8,804,NA,17,493359.4935,2908074.674
121,F,A,2,WET,NIGHT,NA,NA,2.00607E+11,20060708 2203,2006 7 8,2203,NA,17,493255.6998,2908419.362
121,F,A,2,WET,NIGHT,NA,NA,2.00607E+11,20060709 1903,2006 7 9,1903,NA,17,493319.7028,2908239.409
121,F,A,2,WET,NIGHT,NA,NA,2.00607E+11,20060710 203,2006 7 10,203,NA,17,493736.2753,2908082.692
121,F,A,2,WET,DAY,NA,NA,2.00607E+11,20060710 904,2006 7 10,904,NA,17,493818.6694,2907800.742
121,F,A,2,WET,NIGHT,NA,NA,2.00607E+11,20060710 2304,2006 7 10,2304,NA,17,493514.6326,2908188.583
121,F,A,2,WET,DAY,NA,NA,2.00607E+11,20060711 1303,2006 7 11,1303,NA,17,493763.0257,2907979.588
121,F,A,2,WET,DAY,NA,NA,2.00607E+11,20060712 1004,2006 7 12,1004,NA,17,496267.2051,2908360.661
121,F,A,2,WET,DAY,NA,NA,2.00607E+11,20060712 1704,2006 7 12,1704,NA,17,496670.5123,2907960.192
121,F,A,2,WET,NIGHT,NA,NA,2.00607E+11,20060713 2103,2006 7 13,2103,NA,17,496713.5441,2908025.059
121,F,A,2,WET,DAY,NA,NA,2.00607E+11,20060714 1104,2006 7 14,1104,NA,17,496634.8065,2907933.66
121,F,A,2,WET,DAY,NA,NA,2.00607E+11,20060714 1804,2006 7 14,1804,NA,17,496539.5487,2908013.855
121,F,A,2,WET,DAY,NA,NA,2.00607E+11,20060715 804,2006 7 15,804,NA,17,497257.0836,2907748.291
121,F,A,2,WET,NIGHT,NA,NA,2.00607E+11,20060715 2204,2006 7 15,2204,NA,17,498314.9601,2906936.036
121,F,A,2,WET,NIGHT,NA,NA,2.00607E+11,20060716 1903,2006 7 16,1903,NA,17,497043.339,2907760.151
121,F,A,2,WET,NIGHT,NA,NA,2.00607E+11,20060717 204,2006 7 17,204,NA,17,497157.4308,2907544.628
121,F,A,2,WET,NIGHT,NA,NA,2.00607E+11,20060718 2004,2006 7 18,2004,NA,17,496192.5312,2907767.363
121,F,A,2,WET,DAY,NA,NA,2.00607E+11,20060719 1706,2006 7 19,1706,NA,17,493807.1846,2907827.818
121,F,A,2,WET,DAY,NA,NA,2.00607E+11,20060720 704,2006 7 20,704,NA,17,494581.2778,2907372.471
121,F,A,2,WET,DAY,NA,NA,2.00607E+11,20060721 1104,2006 7 21,1104,NA,17,495555.8599,2907315.349
121,F,A,2,WET,NIGHT,NA,NA,2.00607E+11,20060722 103,2006 7 22,103,NA,17,496967.5167,2907509.615
121,F,A,2,WET,DAY,NA,NA,2.00607E+11,20060722 803,2006 7 22,803,NA,17,497938.8884,2907535.145
121,F,A,2,WET,DAY,NA,NA,2.00607E+11,20060722 1504,2006 7 22,1504,NA,17,499486.9395,2907307.214
121,F,A,2,WET,NIGHT,NA,NA,2.00607E+11,20060722 2204,2006 7 22,2204,NA,17,499820.2134,2907638.39
121,F,A,2,WET,NIGHT,NA,NA,2.00607E+11,20060723 1904,2006 7 23,1904,NA,17,497759.3674,2904690.897
121,F,A,2,WET,DAY,NA,NA,2.00607E+11,20060724 903,2006 7 24,903,NA,17,497256.8319,2906931.897
121,F,A,2,WET,NIGHT,NA,NA,2.00607E+11,20060724 2304,2006 7 24,2304,NA,17,497127.6961,2907614.275
121,F,A,2,WET,NIGHT,NA,NA,2.00607E+11,20060725 604,2006 7 25,604,NA,17,497150.626,2906677.071
121,F,A,2,WET,NIGHT,NA,NA,2.00607E+11,20060726 308,2006 7 26,308,NA,17,498850.4766,2907546.241
143,M,SA,0,DRY,DAY,NA,NA,2.00601E+11,20060109 1357,2006 1 9,1357,114,,500430.1138,2907478.125
143,M,SA,0,DRY,NIGHT,NA,NA,2.00601E+11,20060110 101,2006 1 10,101,111,,500325.3401,2907763.331
143,M,SA,0,DRY,DAY,NA,NA,2.00601E+11,20060110 801,2006 1 10,801,70,,500138.3792,2907921.148
143,M,SA,0,DRY,DAY,NA,NA,2.00601E+11,20060110 1501,2006 1 10,1501,61,,499099.0853,2908451.357
143,M,SA,0,DRY,NIGHT,NA,NA,2.00601E+11,20060111 501,2006 1 11,501,93,,498355.0598,2908719.004
143,M,SA,0,DRY,NIGHT,NA,NA,2.00601E+11,20060112 2301,2006 1 12,2301,91,,497208.6054,2911480.24
143,M,SA,0,DRY,NIGHT,NA,NA,2.00601E+11,20060113 601,2006 1 13,601,90,,497141.1292,2911258.959
143,M,SA,0,DRY,DAY,NA,NA,2.00601E+11,20060113 1301,2006 1 13,1301,70,,497127.2067,2911287.001
143,M,SA,0,DRY,DAY,NA,NA,2.00601E+11,20060114 1701,2006 1 14,1701,114,,495488.0227,2913857.354
143,M,SA,0,DRY,DAY,NA,NA,2.00601E+11,20060115 701,2006 1 15,701,85,,496810.7267,2914413.283
143,M,SA,0,DRY,DAY,NA,NA,2.00601E+11,20060115 1401,2006 1 15,1401,102,,498986.4206,2914528.637
143,M,SA,0,DRY,DAY,NA,NA,2.00601E+11,20060116 1101,2006 1 16,1101,62,,498407.5663,2915379.894
143,M,SA,0,DRY,DAY,NA,NA,2.00601E+11,20060116 1801,2006 1 16,1801,72,,497472.3334,2914634.746
143,M,SA,0,DRY,NIGHT,NA,NA,2.00601E+11,20060117 101,2006 1 17,101,100,,497538.2666,2910188.002
143,M,SA,0,DRY,DAY,NA,NA,2.00601E+11,20060117 801,2006 1 17,801,70,,498337.7142,2908782.805
143,M,SA,0,DRY,DAY,NA,NA,2.00601E+11,20060117 1501,2006 1 17,1501,70,,498562.263,2908519.395
143,M,SA,0,DRY,NIGHT,NA,NA,2.00601E+11,20060117 2201,2006 1 17,2201,57,,501682.8506,2909332.685
143,M,SA,0,DRY,DAY,NA,NA,2.00601E+11,20060119 1601,2006 1 19,1601,70,,501334.0973,2908873.879
143,M,SA,0,DRY,NIGHT,NA,NA,2.00601E+11,20060120 600,2006 1 20,600,85,,497452.6839,2913331.017
143,M,SA,0,DRY,DAY,NA,NA,2.00601E+11,20060120 1300,2006 1 20,1300,51,,497924.5322,2913995.405
143,M,SA,0,DRY,NIGHT,NA,NA,2.00601E+11,20060120 2001,2006 1 20,2001,70,,497120.1395,2916488.657
143,M,SA,0,DRY,DAY,NA,NA,2.00601E+11,20060121 1000,2006 1 21,1000,56,,496147.7963,2918385.016
143,M,SA,0,DRY,DAY,NA,NA,2.00601E+11,20060121 1701,2006 1 21,1701,93,,494996.3051,2919622.182
143,M,SA,0,DRY,NIGHT,NA,NA,2.00601E+11,20060122 002,2006 1 22,2,120,,492166.1158,2923380.839
143,M,SA,0,DRY,DAY,NA,NA,2.00601E+11,20060122 701,2006 1 22,701,75,,492393.5344,2923269.753
143,M,SA,0,DRY,NIGHT,NA,NA,2.00601E+11,20060122 2100,2006 1 22,2100,51,,490647.7279,2923278.007
143,M,SA,0,DRY,NIGHT,NA,NA,2.00601E+11,20060123 401,2006 1 23,401,81,,492376.1526,2927548.484
143,M,SA,0,DRY,DAY,NA,NA,2.00601E+11,20060123 1800,2006 1 23,1800,53,,492490.494,2928649.623
143,M,SA,0,DRY,NIGHT,NA,NA,2.00601E+11,20060124 101,2006 1 24,101,70,,492437.8251,2928626.81
143,M,SA,0,DRY,DAY,NA,NA,2.00601E+11,20060124 801,2006 1 24,801,65,,492384.2161,2929031.812
143,M,SA,0,DRY,DAY,NA,NA,2.00601E+11,20060124 1500,2006 1 24,1500,54,,492288.3716,2928903.768
143,M,SA,0,DRY,NIGHT,NA,NA,2.00601E+11,20060125 501,2006 1 25,501,69,,492159.6313,2930735.015
143,M,SA,0,DRY,DAY,NA,NA,2.00601E+11,20060125 1201,2006 1 25,1201,61,,489696.1736,2933832.579
143,M,SA,0,DRY,DAY,NA,NA,2.00601E+11,20060125 1900,2006 1 25,1900,52,,489052.0414,2935761.267
143,M,SA,0,DRY,DAY,NA,NA,2.00601E+11,20060126 900,2006 1 26,900,54,,488174.7904,2937614.093
143,M,SA,0,DRY,DAY,NA,NA,2.00601E+11,20060126 1601,2006 1 26,1601,90,,488266.3085,2937631.933
143,M,SA,0,DRY,NIGHT,NA,NA,2.00601E+11,20060126 2300,2006 1 26,2300,54,,488720.6094,2937169.567
143,M,SA,0,DRY,NIGHT,NA,NA,2.00601E+11,20060128 301,2006 1 28,301,64,,488690.7128,2935843.691
143,M,SA,0,DRY,DAY,NA,NA,2.00601E+11,20060128 1001,2006 1 28,1001,71,,488700.7405,2935732.84
143,M,SA,0,DRY,DAY,NA,NA,2.00601E+11,20060128 1700,2006 1 28,1700,53,,488780.053,2935923.047
143,M,SA,0,DRY,NIGHT,NA,NA,2.00601E+11,20060129 001,2006 1 29,1,94,,488650.8733,2935960.063
143,M,SA,0,DRY,DAY,NA,NA,2.00601E+11,20060129 700,2006 1 29,700,65,,488710.6034,2935942.348
143,M,SA,0,DRY,NIGHT,NA,NA,2.00601E+11,20060129 2100,2006 1 29,2100,54,,490700.0507,2935401.616
143,M,SA,0,DRY,NIGHT,NA,NA,2.00601E+11,20060130 401,2006 1 30,401,81,,491623.2719,2934926.978
143,M,SA,0,DRY,DAY,NA,NA,2.00601E+11,20060130 1101,2006 1 30,1101,63,,491602.5212,2935019.284
143,M,SA,0,DRY,DAY,NA,NA,2.00601E+11,20060130 1801,2006 1 30,1801,63,,491846.6931,2935072.675
143,M,SA,0,DRY,NIGHT,NA,NA,2.00601E+11,20060131 100,2006 1 31,100,53,,491596.0764,2934920.627
143,M,SA,0,DRY,NIGHT,NA,NA,2.00601E+11,20060131 2200,2006 1 31,2200,55,,491598.5431,2934875.506
143,M,SA,0,DRY,NIGHT,NA,NA,2.00602E+11,20060201 501,2006 2 1,501,93,,491478.3305,2935032.257
143,M,SA,0,DRY,DAY,NA,NA,2.00602E+11,20060201 1201,2006 2 1,1201,70,,491557.8421,2934940.213
143,M,SA,0,DRY,DAY,NA,NA,2.00602E+11,20060201 1900,2006 2 1,1900,51,,489830.8224,2936219.752
143,M,SA,0,DRY,NIGHT,NA,NA,2.00602E+11,20060202 201,2006 2 2,201,92,,488033.7106,2936290.761
143,M,SA,0,DRY,DAY,NA,NA,2.00602E+11,20060202 1601,2006 2 2,1601,70,,488692.1147,2937520.363
143,M,SA,0,DRY,NIGHT,NA,NA,2.00602E+11,20060202 2300,2006 2 2,2300,53,,488295.3572,2937773.02
143,M,SA,0,DRY,NIGHT,NA,NA,2.00602E+11,20060203 601,2006 2 3,601,90,,488383.4059,2938003.722
143,M,SA,0,DRY,DAY,NA,NA,2.00602E+11,20060203 1301,2006 2 3,1301,62,,488566.5821,2937697.73
143,M,SA,0,DRY,NIGHT,NA,NA,2.00602E+11,20060204 300,2006 2 4,300,74,,488057.0163,2938139.077
143,M,SA,0,DRY,DAY,NA,NA,2.00602E+11,20060204 1001,2006 2 4,1001,63,,487903.6604,2938088.777
143,M,SA,0,DRY,DAY,NA,NA,2.00602E+11,20060204 1700,2006 2 4,1700,53,,488466.5312,2938318.609
143,M,SA,0,DRY,DAY,NA,NA,2.00602E+11,20060205 701,2006 2 5,701,91,,488357.3396,2938056.672
143,M,SA,0,DRY,NIGHT,NA,NA,2.00602E+11,20060205 2101,2006 2 5,2101,70,,489657.5273,2936458.824
143,M,SA,0,DRY,NIGHT,NA,NA,2.00602E+11,20060206 401,2006 2 6,401,105,,489597.4924,2936373.822
143,M,SA,0,DRY,DAY,NA,NA,2.00602E+11,20060206 1100,2006 2 6,1100,52,,489387.9972,2936675.047
143,M,SA,0,DRY,DAY,NA,NA,2.00602E+11,20060206 1801,2006 2 6,1801,71,,490471.6501,2935930.972
143,M,SA,0,DRY,DAY,NA,NA,2.00602E+11,20060207 801,2006 2 7,801,63,,489825.6217,2935296.363
143,M,SA,0,DRY,NIGHT,NA,NA,2.00602E+11,20060207 2201,2006 2 7,2201,72,,488604.5791,2934809.812
143,M,SA,0,DRY,DAY,NA,NA,2.00602E+11,20060208 1201,2006 2 8,1201,71,,488346.6573,2937194.79
143,M,SA,0,DRY,NIGHT,NA,NA,2.00602E+11,20060208 1901,2006 2 8,1901,62,,488011.7454,2937996.137
143,M,SA,0,DRY,NIGHT,NA,NA,2.00602E+11,20060209 200,2006 2 9,200,51,,488377.4356,2937041.214
143,M,SA,0,DRY,DAY,NA,NA,2.00602E+11,20060209 900,2006 2 9,900,53,,489379.8408,2935710.354
143,M,SA,0,DRY,NIGHT,NA,NA,2.00602E+11,20060210 601,2006 2 10,601,90,,491111.5631,2935411.783
143,M,SA,0,DRY,NIGHT,NA,NA,2.00602E+11,20060211 301,2006 2 11,301,62,,491778.3457,2935413.078
143,M,SA,0,DRY,NIGHT,NA,NA,2.00602E+11,20060212 001,2006 2 12,1,63,,489545.7375,2932677.405
143,M,SA,0,DRY,DAY,NA,NA,2.00602E+11,20060212 701,2006 2 12,701,95,,489909.6067,2932751.909
143,M,SA,0,DRY,DAY,NA,NA,2.00602E+11,20060212 1400,2006 2 12,1400,53,,489837.896,2932490.49
143,M,SA,0,DRY,NIGHT,NA,NA,2.00602E+11,20060212 2101,2006 2 12,2101,72,,489818.3999,2932568.397
143,M,SA,0,DRY,NIGHT,NA,NA,2.00602E+11,20060213 400,2006 2 13,400,53,,489868.4994,2932727.329
143,M,SA,0,DRY,DAY,NA,NA,2.00602E+11,20060213 1801,2006 2 13,1801,65,,489661.9188,2932849.851
143,M,SA,0,DRY,NIGHT,NA,NA,2.00602E+11,20060214 101,2006 2 14,101,100,,489786.2825,2932649.42
143,M,SA,0,DRY,DAY,NA,NA,2.00602E+11,20060214 801,2006 2 14,801,70,,489798.7895,2932748.007
143,M,SA,0,DRY,DAY,NA,NA,2.00602E+11,20060214 1501,2006 2 14,1501,52,,489806.6374,2932792.952
143,M,SA,0,DRY,NIGHT,NA,NA,2.00602E+11,20060214 2200,2006 2 14,2200,51,,489687.7947,2932743.294
143,M,SA,0,DRY,DAY,NA,NA,2.00602E+11,20060215 1201,2006 2 15,1201,113,,489559.9853,2932738.03
143,M,SA,0,DRY,NIGHT,NA,NA,2.00602E+11,20060215 1901,2006 2 15,1901,54,,489764.2174,2932749.696
143,M,SA,0,DRY,NIGHT,NA,NA,2.00602E+11,20060216 201,2006 2 16,201,91,,489754.0546,2932815.028
143,M,SA,0,DRY,DAY,NA,NA,2.00602E+11,20060216 901,2006 2 16,901,55,,492197.0231,2931334.023
143,M,SA,0,DRY,DAY,NA,NA,2.00602E+11,20060216 1602,2006 2 16,1602,139,,492469.0864,2931262.924
143,M,SA,0,DRY,NIGHT,NA,NA,2.00602E+11,20060216 2301,2006 2 16,2301,63,,492363.6927,2923217.652
143,M,SA,0,DRY,NIGHT,NA,NA,2.00602E+11,20060217 601,2006 2 17,601,64,,493542.9346,2920530.313
143,M,SA,0,DRY,DAY,NA,NA,2.00602E+11,20060217 1300,2006 2 17,1300,51,,494219.0205,2919807.578
143,M,SA,0,DRY,NIGHT,NA,NA,2.00602E+11,20060217 2000,2006 2 17,2000,52,,494763.4615,2917303.223
143,M,SA,0,DRY,NIGHT,NA,NA,2.00602E+11,20060218 302,2006 2 18,302,140,,497041.5094,2910399.447
143,M,SA,0,DRY,DAY,NA,NA,2.00602E+11,20060218 1000,2006 2 18,1000,53,,498249.3274,2908043.323
143,M,SA,0,DRY,NIGHT,NA,NA,2.00602E+11,20060219 001,2006 2 19,1,73,,503384.3302,2906817.924
143,M,SA,0,DRY,NIGHT,NA,NA,2.00602E+11,20060219 2100,2006 2 19,2100,50,,504542.3015,2894619.651
143,M,SA,0,DRY,NIGHT,NA,NA,2.00602E+11,20060220 401,2006 2 20,401,75,,501049.6612,2894732.358
143,M,SA,0,DRY,DAY,NA,NA,2.00602E+11,20060220 1800,2006 2 20,1800,52,,501103.2081,2894697.754
143,M,SA,0,DRY,NIGHT,NA,NA,2.00602E+11,20060221 101,2006 2 21,101,59,,499993.98,2895482.026
143,M,SA,0,DRY,DAY,NA,NA,2.00602E+11,20060221 1501,2006 2 21,1501,85,,501919.2217,2894564.513
143,M,SA,0,DRY,NIGHT,NA,NA,2.00602E+11,20060221 2200,2006 2 21,2200,54,,503090.3849,2894816.052
143,M,SA,0,DRY,NIGHT,NA,NA,2.00602E+11,20060223 200,2006 2 23,200,56,,491617.9176,2902813.931
143,M,SA,0,DRY,DAY,NA,NA,2.00602E+11,20060223 901,2006 2 23,901,82,,491380.0967,2905838.636
143,M,SA,0,DRY,DAY,NA,NA,2.00602E+11,20060223 1601,2006 2 23,1601,92,,491100.8988,2910933.382
143,M,SA,0,DRY,NIGHT,NA,NA,2.00602E+11,20060223 2301,2006 2 23,2301,62,,491053.9202,2916582.19
143,M,SA,0,DRY,NIGHT,NA,NA,2.00602E+11,20060224 601,2006 2 24,601,62,,490739.7347,2916619.146
143,M,SA,0,DRY,DAY,NA,NA,2.00602E+11,20060224 1301,2006 2 24,1301,90,,491286.0368,2918055.138
143,M,SA,0,DRY,NIGHT,NA,NA,2.00602E+11,20060224 2000,2006 2 24,2000,53,,489573.9297,2922387.95
143,M,SA,0,DRY,NIGHT,NA,NA,2.00602E+11,20060225 301,2006 2 25,301,73,,492304.9509,2930604.277
143,M,SA,0,DRY,DAY,NA,NA,2.00602E+11,20060225 1701,2006 2 25,1701,61,,489695.4315,2933152.506
143,M,SA,0,DRY,NIGHT,NA,NA,2.00602E+11,20060226 000,2006 2 26,0,51,,489725.1276,2932849.694
143,M,SA,0,DRY,DAY,NA,NA,2.00602E+11,20060226 701,2006 2 26,701,83,,489880.9266,2932700.18
143,M,SA,0,DRY,DAY,NA,NA,2.00602E+11,20060226 1401,2006 2 26,1401,62,,489655.6165,2932775.902
143,M,SA,0,DRY,NIGHT,NA,NA,2.00602E+11,20060226 2101,2006 2 26,2101,81,,489604.3639,2932980.068
143,M,SA,0,DRY,NIGHT,NA,NA,2.00602E+11,20060227 400,2006 2 27,400,54,,489679.165,2932607.887
143,M,SA,0,DRY,DAY,NA,NA,2.00602E+11,20060227 1800,2006 2 27,1800,71,,489846.0115,2935949.49
143,M,SA,0,DRY,NIGHT,NA,NA,2.00602E+11,20060228 101,2006 2 28,101,64,,490564.7089,2935669.281
143,M,SA,0,DRY,DAY,NA,NA,2.00602E+11,20060228 801,2006 2 28,801,62,,490749.8982,2935516.154
143,M,SA,0,DRY,NIGHT,NA,NA,2.00602E+11,20060228 2200,2006 2 28,2200,53,,490649.7531,2935408.709
143,M,SA,0,DRY,NIGHT,NA,NA,2.00603E+11,20060301 501,2006 3 1,501,64,,490451.7893,2935656.311
143,M,SA,0,DRY,NIGHT,NA,NA,2.00603E+11,20060301 1901,2006 3 1,1901,61,,489136.5177,2936613.333
143,M,SA,0,DRY,NIGHT,NA,NA,2.00603E+11,20060302 201,2006 3 2,201,70,,487925.3974,2937466.346
143,M,SA,0,DRY,DAY,NA,NA,2.00603E+11,20060302 900,2006 3 2,900,53,,488026.5265,2937292.458
143,M,SA,0,DRY,DAY,NA,NA,2.00603E+11,20060302 1600,2006 3 2,1600,51,,487830.4173,2937439.679
143,M,SA,0,DRY,NIGHT,NA,NA,2.00603E+11,20060302 2300,2006 3 2,2300,51,,487872.2151,2937299.899
143,M,SA,0,DRY,NIGHT,NA,NA,2.00603E+11,20060303 601,2006 3 3,601,84,,488062.641,2937944.223
143,M,SA,0,DRY,NIGHT,NA,NA,2.00603E+11,20060303 2001,2006 3 3,2001,72,,488133.142,2935820.529
143,M,SA,0,DRY,NIGHT,NA,NA,2.00603E+11,20060304 301,2006 3 4,301,79,,488678.0473,2933886.849
143,M,SA,0,DRY,DAY,NA,NA,2.00603E+11,20060304 1001,2006 3 4,1001,100,,489240.0383,2934325.432
143,M,SA,0,DRY,NIGHT,NA,NA,2.00603E+11,20060305 001,2006 3 5,1,61,,493890.2218,2933606.769
143,M,SA,0,DRY,DAY,NA,NA,2.00603E+11,20060305 701,2006 3 5,701,90,,491440.1149,2935168.809
143,M,SA,0,DRY,NIGHT,NA,NA,2.00603E+11,20060305 2101,2006 3 5,2101,100,,489333.8411,2936411.377
143,M,SA,0,DRY,NIGHT,NA,NA,2.00603E+11,20060306 400,2006 3 6,400,53,,487769.1981,2937960.638
143,M,SA,0,DRY,NIGHT,NA,NA,2.00603E+11,20060307 101,2006 3 7,101,83,,489733.2817,2932804.303
143,M,SA,0,DRY,DAY,NA,NA,2.00603E+11,20060307 801,2006 3 7,801,90,,489019.6935,2932168.563
143,M,SA,0,DRY,NIGHT,NA,NA,2.00603E+11,20060307 2201,2006 3 7,2201,100,,492192.2984,2925889.253
143,M,SA,0,DRY,NIGHT,NA,NA,2.00603E+11,20060308 500,2006 3 8,500,53,,492086.0459,2923498.393
143,M,SA,0,DRY,NIGHT,NA,NA,2.00603E+11,20060308 1901,2006 3 8,1901,83,,493309.8699,2921080.277
143,M,SA,0,DRY,NIGHT,NA,NA,2.00603E+11,20060309 201,2006 3 9,201,72,,497115.5671,2914489.68
143,M,SA,0,DRY,DAY,NA,NA,2.00603E+11,20060309 901,2006 3 9,901,90,,497611.0464,2910952.397
143,M,SA,0,DRY,DAY,NA,NA,2.00603E+11,20060309 1601,2006 3 9,1601,70,,497326.3373,2909784.682
143,M,SA,0,DRY,NIGHT,NA,NA,2.00603E+11,20060309 2301,2006 3 9,2301,111,,500246.604,2908006.222
143,M,SA,0,DRY,NIGHT,NA,NA,2.00603E+11,20060310 601,2006 3 10,601,70,,501282.5314,2908295.049
143,M,SA,0,DRY,NIGHT,NA,NA,2.00603E+11,20060310 2001,2006 3 10,2001,58,,498490.7569,2908494.655
143,M,SA,0,DRY,NIGHT,NA,NA,2.00603E+11,20060311 300,2006 3 11,300,53,,496002.0068,2913908.794
143,M,SA,0,DRY,DAY,NA,NA,2.00603E+11,20060311 1001,2006 3 11,1001,90,,496263.1287,2914923.553
143,M,SA,0,DRY,NIGHT,NA,NA,2.00603E+11,20060312 000,2006 3 12,0,56,,492403.0264,2911355.405
143,M,SA,0,DRY,DAY,NA,NA,2.00603E+11,20060312 701,2006 3 12,701,70,,491818.9822,2908707.886
143,M,SA,0,DRY,NIGHT,NA,NA,2.00603E+11,20060313 401,2006 3 13,401,54,,492887.1465,2912516.984
143,M,SA,0,DRY,NIGHT,NA,NA,2.00603E+11,20060314 101,2006 3 14,101,102,,490492.6552,2917008.156
143,M,SA,0,DRY,DAY,NA,NA,2.00603E+11,20060314 801,2006 3 14,801,70,,490445.034,2917152.576
143,M,SA,0,DRY,NIGHT,NA,NA,2.00603E+11,20060314 2201,2006 3 14,2201,82,,491365.4338,2919941.895
143,M,SA,0,DRY,NIGHT,NA,NA,2.00603E+11,20060315 500,2006 3 15,500,52,,492104.2898,2923313.412
143,M,SA,0,DRY,DAY,NA,NA,2.00603E+11,20060315 1201,2006 3 15,1201,91,,492151.5038,2922456.592
143,M,SA,0,DRY,NIGHT,NA,NA,2.00603E+11,20060315 1901,2006 3 15,1901,113,,492101.922,2922163.216
143,M,SA,0,DRY,NIGHT,NA,NA,2.00603E+11,20060316 201,2006 3 16,201,114,,492232.9518,2928827.715
143,M,SA,0,DRY,DAY,NA,NA,2.00603E+11,20060316 902,2006 3 16,902,140,,488913.5604,2935123.253
143,M,SA,0,DRY,DAY,NA,NA,2.00603E+11,20060316 1601,2006 3 16,1601,69,,489016.9092,2934993.148
143,M,SA,0,DRY,NIGHT,NA,NA,2.00603E+11,20060317 601,2006 3 17,601,91,,489670.5508,2935783.501
143,M,SA,0,DRY,DAY,NA,NA,2.00603E+11,20060317 1301,2006 3 17,1301,63,,489859.5917,2935985.574
143,M,SA,0,DRY,NIGHT,NA,NA,2.00603E+11,20060317 2000,2006 3 17,2000,83,,490147.8769,2935984.833
143,M,SA,0,DRY,DAY,NA,NA,2.00603E+11,20060318 1001,2006 3 18,1001,71,,489928.4718,2935664.27
143,M,SA,0,DRY,DAY,NA,NA,2.00603E+11,20060318 1701,2006 3 18,1701,65,,489680.6992,2935760.458
143,M,SA,0,DRY,NIGHT,NA,NA,2.00603E+11,20060319 000,2006 3 19,0,50,,488680.2479,2938279.943
143,M,SA,0,DRY,DAY,NA,NA,2.00603E+11,20060319 700,2006 3 19,700,51,,489305.3904,2935945.191
143,M,SA,0,DRY,DAY,NA,NA,2.00603E+11,20060319 1401,2006 3 19,1401,90,,489388.3487,2935555.245
143,M,SA,0,DRY,NIGHT,NA,NA,2.00603E+11,20060319 2101,2006 3 19,2101,59,,490342.3725,2933273.588
143,M,SA,0,DRY,NIGHT,NA,NA,2.00603E+11,20060320 400,2006 3 20,400,53,,489736.8228,2932219.464
143,M,SA,0,DRY,DAY,NA,NA,2.00603E+11,20060320 1800,2006 3 20,1800,54,,489008.5833,2932294.832
143,M,SA,0,DRY,DAY,NA,NA,2.00603E+11,20060321 801,2006 3 21,801,110,,488897.8987,2932325.319
143,M,SA,0,DRY,DAY,NA,NA,2.00603E+11,20060321 1501,2006 3 21,1501,90,,489158.2599,2932067.589
143,M,SA,0,DRY,NIGHT,NA,NA,2.00603E+11,20060321 2201,2006 3 21,2201,81,,490670.0502,2931619.687
143,M,SA,0,DRY,NIGHT,NA,NA,2.00603E+11,20060322 500,2006 3 22,500,52,,490763.049,2929991.043
143,M,SA,0,DRY,DAY,NA,NA,2.00603E+11,20060322 1201,2006 3 22,1201,63,,490642.3244,2930079.559
143,M,SA,0,DRY,NIGHT,NA,NA,2.00603E+11,20060323 201,2006 3 23,201,71,,492400.3116,2928542.404
143,M,SA,0,DRY,NIGHT,NA,NA,2.00603E+11,20060323 2301,2006 3 23,2301,70,,490825.1827,2934507.881
143,M,SA,0,DRY,NIGHT,NA,NA,2.00603E+11,20060324 600,2006 3 24,600,53,,489421.0832,2936797.392
143,M,SA,0,DRY,DAY,NA,NA,2.00603E+11,20060324 1301,2006 3 24,1301,112,,489115.8465,2936783.539
143,M,SA,0,DRY,NIGHT,NA,NA,2.00603E+11,20060324 2000,2006 3 24,2000,83,,488919.8407,2936762.736
143,M,SA,0,DRY,NIGHT,NA,NA,2.00603E+11,20060325 301,2006 3 25,301,90,,489152.5818,2936502.643
143,M,SA,0,DRY,DAY,NA,NA,2.00603E+11,20060325 1001,2006 3 25,1001,108,,488921.0657,2937413.436
143,M,SA,0,DRY,DAY,NA,NA,2.00603E+11,20060325 1701,2006 3 25,1701,70,,488813.2345,2937426.78
143,M,SA,0,DRY,NIGHT,NA,NA,2.00603E+11,20060326 001,2006 3 26,1,100,,487921.5558,2938322.64
143,M,SA,0,DRY,DAY,NA,NA,2.00603E+11,20060326 1401,2006 3 26,1401,82,,488844.0832,2937286.734
143,M,SA,0,DRY,NIGHT,NA,NA,2.00603E+11,20060326 2101,2006 3 26,2101,93,,488725.5407,2933858.681
143,M,SA,0,DRY,NIGHT,NA,NA,2.00603E+11,20060327 401,2006 3 27,401,82,,489552.2933,2931501.834
143,M,SA,0,DRY,DAY,NA,NA,2.00603E+11,20060327 1801,2006 3 27,1801,102,,489653.8543,2930652.905
143,M,SA,0,DRY,DAY,NA,NA,2.00603E+11,20060328 801,2006 3 28,801,96,,492575.0165,2927944.002
143,M,SA,0,DRY,NIGHT,NA,NA,2.00603E+11,20060328 2201,2006 3 28,2201,112,,493102.3853,2921293.582
143,M,SA,0,DRY,NIGHT,NA,NA,2.00603E+11,20060329 500,2006 3 29,500,52,,494287.4357,2915494.376
143,M,SA,0,DRY,NIGHT,NA,NA,2.00603E+11,20060329 1901,2006 3 29,1901,71,,494826.2306,2915610.144
143,M,SA,0,DRY,NIGHT,NA,NA,2.00603E+11,20060330 201,2006 3 30,201,63,,496755.293,2914358.771
143,M,SA,0,DRY,DAY,NA,NA,2.00603E+11,20060330 901,2006 3 30,901,65,,495895.7499,2913728.009
143,M,SA,0,DRY,NIGHT,NA,NA,2.00603E+11,20060330 2300,2006 3 30,2300,51,,495351.7451,2915003.868
143,M,SA,0,DRY,NIGHT,NA,NA,2.00603E+11,20060331 600,2006 3 31,600,52,,495327.8308,2915479.259
143,M,SA,0,DRY,DAY,NA,NA,2.00603E+11,20060331 1300,2006 3 31,1300,52,,494537.458,2915404.82
143,M,SA,0,DRY,NIGHT,NA,NA,2.00603E+11,20060331 2000,2006 3 31,2000,53,,494394.5745,2914221.698
143,M,SA,0,DRY,NIGHT,NA,NA,2.00604E+11,20060401 300,2006 4 1,300,53,,496733.1939,2915762.969
143,M,SA,0,DRY,DAY,NA,NA,2.00604E+11,20060401 1700,2006 4 1,1700,55,,496809.6752,2915914.512
143,M,SA,0,DRY,NIGHT,NA,NA,2.00604E+11,20060402 000,2006 4 2,0,51,,496982.6653,2915568.44
143,M,SA,0,DRY,DAY,NA,NA,2.00604E+11,20060402 801,2006 4 2,801,61,,496834.9511,2915631.76
143,M,SA,0,DRY,DAY,NA,NA,2.00604E+11,20060402 1501,2006 4 2,1501,70,,497019.5641,2915743.457
143,M,SA,0,DRY,NIGHT,NA,NA,2.00604E+11,20060402 2201,2006 4 2,2201,70,,496771.6832,2915828.501
143,M,SA,0,DRY,DAY,NA,NA,2.00604E+11,20060403 1201,2006 4 3,1201,85,,497096.3255,2915847.643
143,M,SA,0,DRY,NIGHT,NA,NA,2.00604E+11,20060403 1901,2006 4 3,1901,67,,496505.5533,2914888.644
143,M,SA,0,DRY,NIGHT,NA,NA,2.00604E+11,20060404 200,2006 4 4,200,50,,495059.4263,2918968.113
143,M,SA,0,DRY,DAY,NA,NA,2.00604E+11,20060404 901,2006 4 4,901,70,,492781.3574,2921813.842
143,M,SA,0,DRY,DAY,NA,NA,2.00604E+11,20060404 1601,2006 4 4,1601,90,,492771.4117,2921464.441
143,M,SA,0,DRY,NIGHT,NA,NA,2.00604E+11,20060405 600,2006 4 5,600,54,,495756.0281,2915592.463
143,M,SA,0,DRY,NIGHT,NA,NA,2.00604E+11,20060406 301,2006 4 6,301,55,,492526.7178,2923048.184
143,M,SA,0,DRY,DAY,NA,NA,2.00604E+11,20060406 1001,2006 4 6,1001,70,,490692.9547,2923436.885
143,M,SA,0,DRY,DAY,NA,NA,2.00604E+11,20060406 1701,2006 4 6,1701,70,,490791.7373,2923474.315
143,M,SA,0,DRY,NIGHT,NA,NA,2.00604E+11,20060407 001,2006 4 7,1,111,,491835.5934,2925666.925
143,M,SA,0,DRY,DAY,NA,NA,2.00604E+11,20060407 701,2006 4 7,701,62,,490487.7238,2930136.17
143,M,SA,0,DRY,NIGHT,NA,NA,2.00604E+11,20060407 2101,2006 4 7,2101,71,,490679.5449,2929959.791
143,M,SA,0,DRY,NIGHT,NA,NA,2.00604E+11,20060408 401,2006 4 8,401,70,,490549.523,2930029.067
143,M,SA,0,DRY,DAY,NA,NA,2.00604E+11,20060408 1800,2006 4 8,1800,55,,489423.2938,2933101.154
143,M,SA,0,DRY,DAY,NA,NA,2.00604E+11,20060409 801,2006 4 9,801,70,,488562.1757,2935565.149
143,M,SA,0,DRY,DAY,NA,NA,2.00604E+11,20060409 1500,2006 4 9,1500,52,,488260.6814,2935914.986
143,M,SA,0,DRY,NIGHT,NA,NA,2.00604E+11,20060409 2200,2006 4 9,2200,52,,492080.9948,2934869.269
143,M,SA,0,DRY,NIGHT,NA,NA,2.00604E+11,20060410 1901,2006 4 10,1901,97,,489909.548,2931053.796
143,M,SA,0,DRY,NIGHT,NA,NA,2.00604E+11,20060411 2300,2006 4 11,2300,53,,489287.6329,2932793.422
143,M,SA,0,DRY,NIGHT,NA,NA,2.00604E+11,20060412 601,2006 4 12,601,54,,490052.2086,2933086.323
143,M,SA,0,DRY,NIGHT,NA,NA,2.00604E+11,20060412 2000,2006 4 12,2000,84,,491206.0761,2934899.369
143,M,SA,0,DRY,NIGHT,NA,NA,2.00604E+11,20060413 301,2006 4 13,301,60,,491299.9859,2932085.77
143,M,SA,0,DRY,DAY,NA,NA,2.00604E+11,20060413 1001,2006 4 13,1001,90,,491113.431,2932234.885
143,M,SA,0,DRY,DAY,NA,NA,2.00604E+11,20060413 1700,2006 4 13,1700,51,,491231.9306,2932042.989
143,M,SA,0,DRY,NIGHT,NA,NA,2.00604E+11,20060414 000,2006 4 14,0,52,,491398.4666,2931961.892
143,M,SA,0,DRY,DAY,NA,NA,2.00604E+11,20060414 700,2006 4 14,700,52,,491247.3012,2932140.001
143,M,SA,0,DRY,NIGHT,NA,NA,2.00604E+11,20060414 2101,2006 4 14,2101,84,,492418.3393,2929000.574
143,M,SA,0,DRY,NIGHT,NA,NA,2.00604E+11,20060415 401,2006 4 15,401,91,,491820.6952,2924054.481
143,M,SA,0,DRY,DAY,NA,NA,2.00604E+11,20060415 1801,2006 4 15,1801,65,,494066.7899,2919853.249
143,M,SA,0,DRY,NIGHT,NA,NA,2.00604E+11,20060416 100,2006 4 16,100,58,,493439.467,2916507.13
143,M,SA,0,DRY,DAY,NA,NA,2.00604E+11,20060416 800,2006 4 16,800,52,,497439.4813,2913005.733
143,M,SA,0,DRY,DAY,NA,NA,2.00604E+11,20060416 1502,2006 4 16,1502,140,,497948.5651,2912758.997
143,M,SA,0,DRY,NIGHT,NA,NA,2.00604E+11,20060416 2201,2006 4 16,2201,63,,497576.2242,2909856.861
143,M,SA,0,DRY,NIGHT,NA,NA,2.00604E+11,20060417 500,2006 4 17,500,54,,498726.7416,2908061.858
143,M,SA,0,DRY,DAY,NA,NA,2.00604E+11,20060417 1201,2006 4 17,1201,64,,498662.3793,2908192.631
143,M,SA,0,DRY,DAY,NA,NA,2.00604E+11,20060417 1900,2006 4 17,1900,50,,499503.2089,2907959.465
143,M,SA,0,DRY,NIGHT,NA,NA,2.00604E+11,20060418 201,2006 4 18,201,70,,498494.0091,2912020.615
143,M,SA,0,DRY,DAY,NA,NA,2.00604E+11,20060418 900,2006 4 18,900,51,,495400.0339,2915331.366
143,M,SA,0,DRY,NIGHT,NA,NA,2.00604E+11,20060418 2300,2006 4 18,2300,56,,492280.1102,2923264.388
143,M,SA,0,DRY,NIGHT,NA,NA,2.00604E+11,20060419 601,2006 4 19,601,64,,491660.8616,2923478.013
143,M,SA,0,DRY,NIGHT,NA,NA,2.00604E+11,20060419 2001,2006 4 19,2001,65,,491224.6734,2923658.99
143,M,SA,0,DRY,NIGHT,NA,NA,2.00604E+11,20060420 300,2006 4 20,300,56,,491789.7229,2923374.455
143,M,SA,0,DRY,DAY,NA,NA,2.00604E+11,20060420 1701,2006 4 20,1701,61,,491748.3895,2924264.27
143,M,SA,0,DRY,NIGHT,NA,NA,2.00604E+11,20060423 100,2006 4 23,100,56,,491607.9322,2924586.243
143,M,SA,0,DRY,DAY,NA,NA,2.00604E+11,20060423 800,2006 4 23,800,51,,491643.6986,2924644.367
143,M,SA,0,DRY,NIGHT,NA,NA,2.00604E+11,20060423 2201,2006 4 23,2201,58,,490871.4515,2923589.766
143,M,SA,0,DRY,NIGHT,NA,NA,2.00604E+11,20060424 500,2006 4 24,500,53,,490963.5652,2923662.323
143,M,SA,0,DRY,NIGHT,NA,NA,2.00604E+11,20060424 1901,2006 4 24,1901,103,,491489.3998,2923512.559
143,M,SA,0,DRY,NIGHT,NA,NA,2.00604E+11,20060425 2301,2006 4 25,2301,66,,485765.9294,2920785.315
143,M,SA,0,DRY,NIGHT,NA,NA,2.00604E+11,20060426 601,2006 4 26,601,70,,486011.381,2920924.197
143,M,SA,0,DRY,DAY,NA,NA,2.00604E+11,20060426 1301,2006 4 26,1301,61,,484540.4348,2917825.029
143,M,SA,0,DRY,NIGHT,NA,NA,2.00604E+11,20060426 2000,2006 4 26,2000,52,,483682.0536,2918020.059
143,M,SA,0,DRY,NIGHT,NA,NA,2.00604E+11,20060427 301,2006 4 27,301,92,,476227.0747,2915264.618
143,M,SA,0,DRY,DAY,NA,NA,2.00604E+11,20060427 1700,2006 4 27,1700,84,,475219.8047,2914773.673
143,M,SA,0,DRY,NIGHT,NA,NA,2.00604E+11,20060428 001,2006 4 28,1,84,,475061.2091,2913547.848
143,M,SA,0,DRY,DAY,NA,NA,2.00604E+11,20060428 700,2006 4 28,700,50,,474219.0827,2912786.552
143,M,SA,0,DRY,NIGHT,NA,NA,2.00604E+11,20060428 2100,2006 4 28,2100,52,,475170.0964,2914639.282
143,M,SA,0,DRY,NIGHT,NA,NA,2.00604E+11,20060429 401,2006 4 29,401,63,,475053.2477,2914871.732
143,M,SA,0,DRY,DAY,NA,NA,2.00604E+11,20060429 1800,2006 4 29,1800,54,,475123.4571,2914796.866
143,M,SA,0,DRY,NIGHT,NA,NA,2.00604E+11,20060430 100,2006 4 30,100,54,,474554.1296,2915104.314
143,M,SA,0,DRY,DAY,NA,NA,2.00604E+11,20060430 801,2006 4 30,801,85,,475371.0188,2915840.416
143,M,SA,0,DRY,DAY,NA,NA,2.00604E+11,20060430 1500,2006 4 30,1500,50,,475322.2916,2915877.133
143,M,SA,0,DRY,NIGHT,NA,NA,2.00604E+11,20060430 2201,2006 4 30,2201,91,,473996.5648,2912873.96
143,M,SA,0,DRY,NIGHT,NA,NA,2.00605E+11,20060501 500,2006 5 1,500,51,,471190.9157,2912050.347
143,M,SA,0,DRY,DAY,NA,NA,2.00605E+11,20060501 1200,2006 5 1,1200,52,,470439.4281,2913095.246
143,M,SA,0,DRY,NIGHT,NA,NA,2.00605E+11,20060501 1901,2006 5 1,1901,83,,470772.8453,2912574.237
143,M,SA,0,DRY,NIGHT,NA,NA,2.00605E+11,20060502 200,2006 5 2,200,53,,471007.4069,2912557.327
143,M,SA,0,DRY,DAY,NA,NA,2.00605E+11,20060502 1600,2006 5 2,1600,55,,471068.7875,2912634.899
143,M,SA,0,DRY,NIGHT,NA,NA,2.00605E+11,20060502 2301,2006 5 2,2301,85,,472827.5786,2914965.168
143,M,SA,0,DRY,NIGHT,NA,NA,2.00605E+11,20060503 601,2006 5 3,601,90,,473173.6164,2916026.172
143,M,SA,0,DRY,DAY,NA,NA,2.00605E+11,20060503 1300,2006 5 3,1300,51,,472718.8405,2914753.632
143,M,SA,0,DRY,NIGHT,NA,NA,2.00605E+11,20060503 2000,2006 5 3,2000,52,,472346.7489,2914850.673
143,M,SA,0,DRY,NIGHT,NA,NA,2.00605E+11,20060504 301,2006 5 4,301,71,,472707.6397,2915127.759
143,M,SA,0,DRY,DAY,NA,NA,2.00605E+11,20060504 1701,2006 5 4,1701,64,,472559.0742,2915288.643
143,M,SA,0,DRY,NIGHT,NA,NA,2.00605E+11,20060505 001,2006 5 5,1,64,,472768.8064,2915134.662
143,M,SA,0,DRY,DAY,NA,NA,2.00605E+11,20060505 1401,2006 5 5,1401,70,,472748.0394,2915218.33
143,M,SA,0,DRY,NIGHT,NA,NA,2.00605E+11,20060505 2101,2006 5 5,2101,70,,472688.2927,2914438.074
143,M,SA,0,DRY,NIGHT,NA,NA,2.00605E+11,20060506 400,2006 5 6,400,52,,473824.3648,2912140.745
143,M,SA,0,DRY,NIGHT,NA,NA,2.00605E+11,20060507 101,2006 5 7,101,71,,474844.7195,2912283.175
143,M,SA,0,DRY,DAY,NA,NA,2.00605E+11,20060507 801,2006 5 7,801,85,,475467.2951,2912091.673
143,M,SA,0,DRY,NIGHT,NA,NA,2.00605E+11,20060507 2200,2006 5 7,2200,52,,475419.827,2913094.549
143,M,SA,0,DRY,NIGHT,NA,NA,2.00605E+11,20060508 500,2006 5 8,500,52,,471290.1068,2912700.29
143,M,SA,0,DRY,NIGHT,NA,NA,2.00605E+11,20060509 200,2006 5 9,200,53,,472290.5852,2912576.358
143,M,SA,0,DRY,DAY,NA,NA,2.00605E+11,20060509 901,2006 5 9,901,70,,473456.0517,2913147.99
143,M,SA,0,DRY,DAY,NA,NA,2.00605E+11,20060509 1601,2006 5 9,1601,70,,473185.1818,2912910.374
143,M,SA,0,DRY,NIGHT,NA,NA,2.00605E+11,20060509 2301,2006 5 9,2301,100,,474322.3811,2911787.384
143,M,SA,0,DRY,NIGHT,NA,NA,2.00605E+11,20060510 2000,2006 5 10,2000,53,,473077.9995,2912398.701
143,M,SA,0,DRY,NIGHT,NA,NA,2.00605E+11,20060511 300,2006 5 11,300,53,,472613.4162,2912406.645
143,M,SA,0,DRY,NIGHT,NA,NA,2.00605E+11,20060512 001,2006 5 12,1,71,,474719.163,2914508.672
143,M,SA,0,DRY,DAY,NA,NA,2.00605E+11,20060512 700,2006 5 12,700,50,,474716.6028,2911030.641
143,M,SA,0,DRY,DAY,NA,NA,2.00605E+11,20060513 1801,2006 5 13,1801,70,,475434.5292,2912510.513
143,M,SA,0,DRY,NIGHT,NA,NA,2.00605E+11,20060514 101,2006 5 14,101,64,,471615.5448,2912871.215
143,M,SA,0,DRY,NIGHT,NA,NA,2.00605E+11,20060514 2201,2006 5 14,2201,100,,474113.3694,2914239.038
143,M,SA,0,WET,NIGHT,NA,NA,2.00605E+11,20060515 501,2006 5 15,501,75,,468950.0148,2915081.766
143,M,SA,0,WET,DAY,NA,NA,2.00605E+11,20060515 1201,2006 5 15,1201,68,,467540.0475,2915076.96
143,M,SA,0,WET,NIGHT,NA,NA,2.00605E+11,20060515 1901,2006 5 15,1901,90,,467170.4464,2914409.025
143,M,SA,0,WET,NIGHT,NA,NA,2.00605E+11,20060516 200,2006 5 16,200,53,,466775.9078,2915513.154
143,M,SA,0,WET,DAY,NA,NA,2.00605E+11,20060516 1601,2006 5 16,1601,72,,465986.149,2913175.89
143,M,SA,0,WET,NIGHT,NA,NA,2.00605E+11,20060516 2301,2006 5 16,2301,86,,467269.483,2915932.608
143,M,SA,0,WET,NIGHT,NA,NA,2.00605E+11,20060517 600,2006 5 17,600,50,,467526.894,2916040.725
143,M,SA,0,WET,NIGHT,NA,NA,2.00605E+11,20060517 2000,2006 5 17,2000,52,,468599.5282,2915321.996
143,M,SA,0,WET,DAY,NA,NA,2.00605E+11,20060518 1001,2006 5 18,1001,105,,469942.5807,2914285.086
143,M,SA,0,WET,NIGHT,NA,NA,2.00605E+11,20060519 001,2006 5 19,1,55,,469874.8449,2913977.614
143,M,SA,0,WET,DAY,NA,NA,2.00605E+11,20060519 701,2006 5 19,701,67,,470850.4934,2911986.889
143,M,SA,0,WET,NIGHT,NA,NA,2.00605E+11,20060519 2101,2006 5 19,2101,86,,470098.8647,2913126.313
143,M,SA,0,WET,NIGHT,NA,NA,2.00605E+11,20060520 401,2006 5 20,401,61,,469737.6188,2913039.504
143,M,SA,0,WET,DAY,NA,NA,2.00605E+11,20060520 1101,2006 5 20,1101,70,,469995.4758,2913102.729
143,M,SA,0,WET,DAY,NA,NA,2.00605E+11,20060520 1800,2006 5 20,1800,53,,470070.833,2912974.902
143,M,SA,0,WET,NIGHT,NA,NA,2.00605E+11,20060521 101,2006 5 21,101,84,,470018.503,2913157.366
143,M,SA,0,WET,DAY,NA,NA,2.00605E+11,20060521 1501,2006 5 21,1501,65,,469837.8935,2912854.952
143,M,SA,0,WET,NIGHT,NA,NA,2.00605E+11,20060521 2201,2006 5 21,2201,58,,470209.631,2913694.617
143,M,SA,0,WET,NIGHT,NA,NA,2.00605E+11,20060522 500,2006 5 22,500,56,,471075.0544,2914302.919
143,M,SA,0,WET,NIGHT,NA,NA,2.00605E+11,20060522 1901,2006 5 22,1901,93,,471206.8226,2914282.413
143,M,SA,0,WET,NIGHT,NA,NA,2.00605E+11,20060523 200,2006 5 23,200,53,,472832.3662,2914426.749
143,M,SA,0,WET,DAY,NA,NA,2.00605E+11,20060523 1600,2006 5 23,1600,55,,476032.5051,2913055.807
143,M,SA,0,WET,NIGHT,NA,NA,2.00605E+11,20060523 2301,2006 5 23,2301,91,,476213.0039,2910930.351
143,M,SA,0,WET,NIGHT,NA,NA,2.00605E+11,20060524 600,2006 5 24,600,50,,476074.141,2911743.686
143,M,SA,0,WET,NIGHT,NA,NA,2.00605E+11,20060525 301,2006 5 25,301,71,,476274.6566,2913170.214
143,M,SA,0,WET,DAY,NA,NA,2.00605E+11,20060525 1701,2006 5 25,1701,84,,475280.1691,2911980.602
143,M,SA,0,WET,NIGHT,NA,NA,2.00605E+11,20060526 000,2006 5 26,0,55,,476483.3565,2910710.612
143,M,SA,0,WET,DAY,NA,NA,2.00605E+11,20060526 702,2006 5 26,702,140,,475015.5351,2911657.01
143,M,SA,0,WET,DAY,NA,NA,2.00605E+11,20060526 1401,2006 5 26,1401,61,,475199.7455,2911847.642
143,M,SA,0,WET,NIGHT,NA,NA,2.00605E+11,20060526 2101,2006 5 26,2101,64,,475086.8631,2912711.441
143,M,SA,0,WET,DAY,NA,NA,2.00605E+11,20060527 1101,2006 5 27,1101,70,,471511.9226,2914608.688
143,M,SA,0,WET,NIGHT,NA,NA,2.00605E+11,20060528 2201,2006 5 28,2201,76,,473474.6437,2914257.921
143,M,SA,0,WET,NIGHT,NA,NA,2.00605E+11,20060529 500,2006 5 29,500,50,,475205.6888,2911704.524
143,M,SA,0,WET,DAY,NA,NA,2.00605E+11,20060529 1200,2006 5 29,1200,51,,475090.1391,2913669.173
143,M,SA,0,WET,NIGHT,NA,NA,2.00605E+11,20060529 1901,2006 5 29,1901,96,,475412.6887,2915499.937
143,M,SA,0,WET,DAY,NA,NA,2.00605E+11,20060530 1601,2006 5 30,1601,107,,470875.5916,2912069.583
143,M,SA,0,WET,NIGHT,NA,NA,2.00605E+11,20060530 2301,2006 5 30,2301,54,,470706.6131,2912440.335
143,M,SA,0,WET,NIGHT,NA,NA,2.00605E+11,20060531 2001,2006 5 31,2001,85,,469750.9123,2913604.203
143,M,SA,0,WET,NIGHT,NA,NA,2.00606E+11,20060601 300,2006 6 1,300,50,,471350.9537,2913830.552
143,M,SA,0,WET,NIGHT,NA,NA,2.00606E+11,20060602 001,2006 6 2,1,62,,469941.5419,2913330.147
143,M,SA,0,WET,DAY,NA,NA,2.00606E+11,20060602 701,2006 6 2,701,104,,470897.9345,2913999.706
143,M,SA,0,WET,NIGHT,NA,NA,2.00606E+11,20060602 2101,2006 6 2,2101,70,,471621.3163,2914842.647
143,M,SA,0,WET,DAY,NA,NA,2.00606E+11,20060603 1801,2006 6 3,1801,91,,472162.9275,2915046.46
143,M,SA,0,WET,NIGHT,NA,NA,2.00606E+11,20060604 2200,2006 6 4,2200,53,,473480.0751,2912343.884
143,M,SA,0,WET,NIGHT,NA,NA,2.00606E+11,20060606 201,2006 6 6,201,73,,468037.6249,2915616.808
143,M,SA,0,WET,NIGHT,NA,NA,2.00606E+11,20060606 2300,2006 6 6,2300,52,,472653.0218,2914858.326
143,M,SA,0,WET,NIGHT,NA,NA,2.00606E+11,20060607 601,2006 6 7,601,70,,471784.7639,2914726.068
143,M,SA,0,WET,NIGHT,NA,NA,2.00606E+11,20060608 300,2006 6 8,300,54,,474563.1066,2911977.935
143,M,SA,0,WET,DAY,NA,NA,2.00606E+11,20060608 1001,2006 6 8,1001,70,,473765.6364,2911633.17
143,M,SA,0,WET,DAY,NA,NA,2.00606E+11,20060609 700,2006 6 9,700,53,,474014.7242,2911521.846
143,M,SA,0,WET,NIGHT,NA,NA,2.00606E+11,20060609 2101,2006 6 9,2101,64,,473471.31,2912833.651
143,M,SA,0,WET,NIGHT,NA,NA,2.00606E+11,20060610 400,2006 6 10,400,56,,469929.9016,2914540.511
143,M,SA,0,WET,DAY,NA,NA,2.00606E+11,20060610 1801,2006 6 10,1801,65,,470537.8263,2914843.25
143,M,SA,0,WET,DAY,NA,NA,2.00606E+11,20060611 801,2006 6 11,801,90,,472310.2253,2914513.882
143,M,SA,0,WET,DAY,NA,NA,2.00606E+11,20060611 1501,2006 6 11,1501,112,,472316.204,2914455.262
143,M,SA,0,WET,NIGHT,NA,NA,2.00606E+11,20060612 1901,2006 6 12,1901,103,,473431.6461,2914696.098
143,M,SA,0,WET,NIGHT,NA,NA,2.00606E+11,20060613 200,2006 6 13,200,52,,473705.9139,2912183.026
143,M,SA,0,WET,NIGHT,NA,NA,2.00606E+11,20060613 2301,2006 6 13,2301,63,,474479.3261,2911840.949
143,M,SA,0,WET,NIGHT,NA,NA,2.00606E+11,20060614 2000,2006 6 14,2000,54,,473212.5697,2914710.172
143,M,SA,0,WET,NIGHT,NA,NA,2.00606E+11,20060615 300,2006 6 15,300,58,,475185.8763,2911861.894
143,M,SA,0,WET,DAY,NA,NA,2.00606E+11,20060615 1001,2006 6 15,1001,61,,472062.7677,2914775.559
143,M,SA,0,WET,DAY,NA,NA,2.00606E+11,20060615 1701,2006 6 15,1701,70,,472249.0912,2914794.094
143,M,SA,0,WET,NIGHT,NA,NA,2.00606E+11,20060616 000,2006 6 16,0,52,,468814.0595,2915412.129
143,M,SA,0,WET,DAY,NA,NA,2.00606E+11,20060616 1400,2006 6 16,1400,54,,467484.8988,2914836.751
143,M,SA,0,WET,NIGHT,NA,NA,2.00606E+11,20060617 401,2006 6 17,401,61,,467588.2327,2914879.399
143,M,SA,0,WET,NIGHT,NA,NA,2.00606E+11,20060618 100,2006 6 18,100,54,,469368.8364,2915369.498
143,M,SA,0,WET,DAY,NA,NA,2.00606E+11,20060618 1501,2006 6 18,1501,72,,469220.3013,2915394.129
143,M,SA,0,WET,NIGHT,NA,NA,2.00606E+11,20060618 2202,2006 6 18,2202,132,,469406.841,2915262.061
143,M,SA,0,WET,DAY,NA,NA,2.00606E+11,20060619 1201,2006 6 19,1201,90,,470557.3302,2914986.157
143,M,SA,0,WET,NIGHT,NA,NA,2.00606E+11,20060620 200,2006 6 20,200,53,,474494.816,2911746.562
143,M,SA,0,WET,DAY,NA,NA,2.00606E+11,20060620 900,2006 6 20,900,53,,474552.6228,2910925.79
143,M,SA,0,WET,DAY,NA,NA,2.00606E+11,20060620 1600,2006 6 20,1600,53,,474588.803,2911394.391
143,M,SA,0,WET,NIGHT,NA,NA,2.00606E+11,20060620 2300,2006 6 20,2300,55,,474278.9769,2914987.965
143,M,SA,0,WET,NIGHT,NA,NA,2.00606E+11,20060622 300,2006 6 22,300,51,,470365.726,2912275.175
143,M,SA,0,WET,NIGHT,NA,NA,2.00606E+11,20060623 000,2006 6 23,0,52,,470337.7568,2913176.611
143,M,SA,0,WET,DAY,NA,NA,2.00606E+11,20060623 700,2006 6 23,700,52,,470430.3927,2913133.081
143,M,SA,0,WET,NIGHT,NA,NA,2.00606E+11,20060623 2101,2006 6 23,2101,100,,471037.0747,2913682.953
143,M,SA,0,WET,NIGHT,NA,NA,2.00606E+11,20060624 401,2006 6 24,401,63,,469791.1669,2914695.07
143,M,SA,0,WET,DAY,NA,NA,2.00606E+11,20060624 1801,2006 6 24,1801,82,,469548.6372,2915008.092
143,M,SA,0,WET,NIGHT,NA,NA,2.00606E+11,20060625 101,2006 6 25,101,106,,473070.7667,2913618.361
143,M,SA,0,WET,DAY,NA,NA,2.00606E+11,20060625 800,2006 6 25,800,52,,473036.0518,2913562.632
143,M,SA,0,WET,NIGHT,NA,NA,2.00606E+11,20060626 501,2006 6 26,501,90,,472841.3725,2913728.698
143,M,SA,0,WET,NIGHT,NA,NA,2.00606E+11,20060626 1901,2006 6 26,1901,91,,473641.6051,2914001.629
143,M,SA,0,WET,NIGHT,NA,NA,2.00606E+11,20060627 200,2006 6 27,200,51,,474155.8054,2911718.641
143,M,SA,0,WET,NIGHT,NA,NA,2.00606E+11,20060627 2300,2006 6 27,2300,53,,475124.4721,2912731.025
143,M,SA,0,WET,NIGHT,NA,NA,2.00606E+11,20060629 300,2006 6 29,300,56,,469422.1819,2913787.898
143,M,SA,0,WET,DAY,NA,NA,2.00606E+11,20060629 1000,2006 6 29,1000,52,,466083.3525,2915415.167
143,M,SA,0,WET,NIGHT,NA,NA,2.00606E+11,20060630 000,2006 6 30,0,55,,466097.6074,2908376.412
143,M,SA,0,WET,DAY,NA,NA,2.00606E+11,20060630 701,2006 6 30,701,95,,467540.8763,2910083.227
143,M,SA,0,WET,NIGHT,NA,NA,2.00606E+11,20060630 2101,2006 6 30,2101,85,,466434.8156,2910195.594
143,M,SA,0,WET,NIGHT,NA,NA,2.00607E+11,20060701 400,2006 7 1,400,50,,466804.2456,2913182.131
143,M,SA,0,WET,DAY,NA,NA,2.00607E+11,20060701 1101,2006 7 1,1101,70,,466926.5217,2913304.994
143,M,SA,0,WET,NIGHT,NA,NA,2.00607E+11,20060702 101,2006 7 2,101,62,,467009.9921,2912980.08
143,M,SA,0,WET,DAY,NA,NA,2.00607E+11,20060702 1501,2006 7 2,1501,63,,468064.4864,2915003.3
143,M,SA,0,WET,NIGHT,NA,NA,2.00607E+11,20060702 2201,2006 7 2,2201,101,,473016.6691,2914096.254
143,M,SA,0,WET,NIGHT,NA,NA,2.00607E+11,20060703 1901,2006 7 3,1901,70,,475119.7157,2912205.785
143,M,SA,0,WET,NIGHT,NA,NA,2.00607E+11,20060704 200,2006 7 4,200,58,,471294.4407,2914355.114
143,M,SA,0,WET,DAY,NA,NA,2.00607E+11,20060704 901,2006 7 4,901,70,,470373.829,2914568.253
143,M,SA,0,WET,NIGHT,NA,NA,2.00607E+11,20060704 2300,2006 7 4,2300,62,,471101.4166,2916664.161
143,M,SA,0,WET,NIGHT,NA,NA,2.00607E+11,20060706 301,2006 7 6,301,90,,471477.0731,2912246.667
143,M,SA,0,WET,NIGHT,NA,NA,2.00607E+11,20060707 001,2006 7 7,1,82,,472084.6257,2911975.138
143,M,SA,0,WET,DAY,NA,NA,2.00607E+11,20060707 701,2006 7 7,701,70,,471954.6473,2912006.465
143,M,SA,0,WET,NIGHT,NA,NA,2.00607E+11,20060707 2102,2006 7 7,2102,140,,472301.1349,2912640.231
143,M,SA,0,WET,NIGHT,NA,NA,2.00607E+11,20060708 401,2006 7 8,401,61,,471592.571,2914781.441
143,M,SA,0,WET,DAY,NA,NA,2.00607E+11,20060708 1801,2006 7 8,1801,55,,470715.2275,2913010.246
143,M,SA,0,WET,NIGHT,NA,NA,2.00607E+11,20060709 100,2006 7 9,100,51,,470846.369,2912396.346
143,M,SA,0,WET,DAY,NA,NA,2.00607E+11,20060709 1501,2006 7 9,1501,90,,470955.5665,2912578.337
143,M,SA,0,WET,NIGHT,NA,NA,2.00607E+11,20060709 2200,2006 7 9,2200,54,,470682.6428,2912680.067
143,M,SA,0,WET,NIGHT,NA,NA,2.00607E+11,20060710 501,2006 7 10,501,85,,469962.6431,2913000.856
143,M,SA,0,WET,NIGHT,NA,NA,2.00607E+11,20060711 202,2006 7 11,202,140,,475440.5999,2912687.109
143,M,SA,0,WET,NIGHT,NA,NA,2.00607E+11,20060711 2301,2006 7 11,2301,62,,473134.5994,2913623.992
143,M,SA,0,WET,NIGHT,NA,NA,2.00607E+11,20060714 001,2006 7 14,1,57,,468981.1685,2916287.043
143,M,SA,0,WET,NIGHT,NA,NA,2.00607E+11,20060714 2101,2006 7 14,2101,81,,467016.2995,2915596.137
143,M,SA,0,WET,NIGHT,NA,NA,2.00607E+11,20060716 100,2006 7 16,100,60,,472952.0333,2913781.722
143,M,SA,0,WET,DAY,NA,NA,2.00607E+11,20060716 801,2006 7 16,801,84,,471801.5178,2914359.918
143,M,SA,0,WET,NIGHT,NA,NA,2.00607E+11,20060716 2200,2006 7 16,2200,51,,470556.5267,2915588.61
143,M,SA,0,WET,NIGHT,NA,NA,2.00607E+11,20060718 201,2006 7 18,201,55,,466324.9139,2910012.427
143,M,SA,0,WET,DAY,NA,NA,2.00607E+11,20060718 901,2006 7 18,901,70,,467290.4493,2909929.21
143,M,SA,0,WET,DAY,NA,NA,2.00607E+11,20060718 1600,2006 7 18,1600,54,,465834.3667,2910024.37
143,M,SA,0,WET,NIGHT,NA,NA,2.00607E+11,20060718 2300,2006 7 18,2300,50,,464184.6654,2906579.576
143,M,SA,0,WET,NIGHT,NA,NA,2.00607E+11,20060719 601,2006 7 19,601,91,,463302.578,2907532.197
143,M,SA,0,WET,NIGHT,NA,NA,2.00607E+11,20060720 301,2006 7 20,301,72,,464664.0797,2906281.73
143,M,SA,0,WET,DAY,NA,NA,2.00607E+11,20060720 1700,2006 7 20,1700,54,,463790.8122,2907233.204
143,M,SA,0,WET,NIGHT,NA,NA,2.00607E+11,20060721 001,2006 7 21,1,64,,463799.2355,2907118.431
143,M,SA,0,WET,DAY,NA,NA,2.00607E+11,20060721 701,2006 7 21,701,91,,463739.005,2907152.028
143,M,SA,0,WET,DAY,NA,NA,2.00607E+11,20060721 1400,2006 7 21,1400,68,,463920.842,2907031.708
143,M,SA,0,WET,NIGHT,NA,NA,2.00607E+11,20060722 401,2006 7 22,401,90,,464366.9139,2908912.665
143,M,SA,0,WET,DAY,NA,NA,2.00607E+11,20060722 1100,2006 7 22,1100,53,,465548.9722,2909275.933
143,M,SA,0,WET,DAY,NA,NA,2.00607E+11,20060722 1800,2006 7 22,1800,53,,465597.5827,2909153.581
143,M,SA,0,WET,NIGHT,NA,NA,2.00607E+11,20060723 101,2006 7 23,101,61,,465910.8903,2912411.734
143,M,SA,0,WET,DAY,NA,NA,2.00607E+11,20060723 801,2006 7 23,801,110,,466860.2871,2916302.068
143,M,SA,0,WET,DAY,NA,NA,2.00607E+11,20060723 1501,2006 7 23,1501,69,,466740.2471,2916047.016
143,M,SA,0,WET,NIGHT,NA,NA,2.00607E+11,20060723 2201,2006 7 23,2201,70,,466857.5342,2916886.519
143,M,SA,0,WET,NIGHT,NA,NA,2.00607E+11,20060725 2300,2006 7 25,2300,55,,473890.1177,2914327.792
143,M,SA,0,WET,NIGHT,NA,NA,2.00607E+11,20060726 601,2006 7 26,601,70,,473697.5754,2914081.705
143,M,SA,0,WET,NIGHT,NA,NA,2.00607E+11,20060726 2001,2006 7 26,2001,112,,474110.8441,2914436.133
143,M,SA,0,WET,NIGHT,NA,NA,2.00607E+11,20060727 300,2006 7 27,300,52,,475198.0831,2915337.028
143,M,SA,0,WET,DAY,NA,NA,2.00607E+11,20060727 1701,2006 7 27,1701,60,,474330.5166,2916990.924
143,M,SA,0,WET,NIGHT,NA,NA,2.00607E+11,20060728 001,2006 7 28,1,90,,472542.2228,2914512.273
143,M,SA,0,WET,NIGHT,NA,NA,2.00607E+11,20060728 2101,2006 7 28,2101,82,,471111.0857,2912703.925
143,M,SA,0,WET,NIGHT,NA,NA,2.00607E+11,20060729 401,2006 7 29,401,94,,471043.8842,2913388.128
143,M,SA,0,WET,DAY,NA,NA,2.00607E+11,20060730 801,2006 7 30,801,87,,469933.0931,2914671.851
143,M,SA,0,WET,NIGHT,NA,NA,2.00607E+11,20060730 2201,2006 7 30,2201,53,,469721.6966,2913166.667
143,M,SA,0,WET,NIGHT,NA,NA,2.00608E+11,20060801 201,2006 8 1,201,64,,470178.6878,2913299.466
143,M,SA,0,WET,NIGHT,NA,NA,2.00608E+11,20060802 601,2006 8 2,601,84,,470674.8578,2914936.767
143,M,SA,0,WET,NIGHT,NA,NA,2.00608E+11,20060803 301,2006 8 3,301,62,,472860.482,2914456.68
143,M,SA,0,WET,DAY,NA,NA,2.00608E+11,20060803 1001,2006 8 3,1001,62,,470417.631,2916500.342
143,M,SA,0,WET,DAY,NA,NA,2.00608E+11,20060803 1702,2006 8 3,1702,120,,470603.555,2916775.489
143,M,SA,0,WET,NIGHT,NA,NA,2.00608E+11,20060805 402,2006 8 5,402,140,,471649.7005,2914151.359
143,M,SA,0,WET,DAY,NA,NA,2.00608E+11,20060806 801,2006 8 6,801,90,,470053.9445,2915636.822
143,M,SA,0,WET,DAY,NA,NA,2.00608E+11,20060806 1501,2006 8 6,1501,70,,470090.068,2915562.245
143,M,SA,0,WET,NIGHT,NA,NA,2.00608E+11,20060807 501,2006 8 7,501,91,,466994.7557,2915641.813
143,M,SA,0,WET,DAY,NA,NA,2.00608E+11,20060807 1201,2006 8 7,1201,64,,466880.2634,2915521.002
143,M,SA,0,WET,NIGHT,NA,NA,2.00608E+11,20060807 1901,2006 8 7,1901,70,,466510.2904,2915700.255
143,M,SA,0,WET,NIGHT,NA,NA,2.00608E+11,20060808 201,2006 8 8,201,61,,466777.9731,2916372.358
143,M,SA,0,WET,NIGHT,NA,NA,2.00608E+11,20060809 601,2006 8 9,601,90,,470737.7336,2913204.714
143,M,SA,0,WET,NIGHT,NA,NA,2.00608E+11,20060809 2000,2006 8 9,2000,55,,470765.1314,2913122.618
143,M,SA,0,WET,DAY,NA,NA,2.00608E+11,20060810 1701,2006 8 10,1701,62,,470849.9213,2913221.389
143,M,SA,0,WET,DAY,NA,NA,2.00608E+11,20060811 700,2006 8 11,700,54,,470411.4447,2913145.687
143,M,SA,0,WET,NIGHT,NA,NA,2.00608E+11,20060811 2101,2006 8 11,2101,56,,470444.9231,2913072.175
143,M,SA,0,WET,NIGHT,NA,NA,2.00608E+11,20060813 101,2006 8 13,101,70,,470436.4455,2913265.638
143,M,SA,0,WET,DAY,NA,NA,2.00608E+11,20060813 801,2006 8 13,801,63,,469706.1609,2913490.422
143,M,SA,0,WET,NIGHT,NA,NA,2.00608E+11,20060813 2201,2006 8 13,2201,70,,469851.1466,2913236.3
143,M,SA,0,WET,NIGHT,NA,NA,2.00608E+11,20060814 500,2006 8 14,500,54,,471195.3019,2914270.963
143,M,SA,0,WET,DAY,NA,NA,2.00608E+11,20060814 1200,2006 8 14,1200,50,,472455.0748,2915683.413
143,M,SA,0,WET,DAY,NA,NA,2.00608E+11,20060815 901,2006 8 15,901,62,,469231.6889,2914635.996
143,M,SA,0,WET,NIGHT,NA,NA,2.00608E+11,20060815 2300,2006 8 15,2300,54,,469533.9401,2914898.211
143,M,SA,0,WET,NIGHT,NA,NA,2.00608E+11,20060816 601,2006 8 16,601,64,,469559.5846,2914573.842
143,M,SA,0,WET,DAY,NA,NA,2.00608E+11,20060816 1301,2006 8 16,1301,97,,469115.0384,2914574.84
143,M,SA,0,WET,NIGHT,NA,NA,2.00608E+11,20060816 2001,2006 8 16,2001,61,,470568.056,2914827.121
143,M,SA,0,WET,NIGHT,NA,NA,2.00608E+11,20060817 302,2006 8 17,302,140,,472299.0106,2914422.666
143,M,SA,0,WET,DAY,NA,NA,2.00608E+11,20060818 1401,2006 8 18,1401,70,,471437.9998,2914129.74
143,M,SA,0,WET,DAY,NA,NA,2.00608E+11,20060819 1101,2006 8 19,1101,61,,471593.1715,2914341.585
143,M,SA,0,WET,DAY,NA,NA,2.00608E+11,20060820 800,2006 8 20,800,53,,470055.3534,2914420.005
143,M,SA,0,WET,NIGHT,NA,NA,2.00608E+11,20060821 501,2006 8 21,501,90,,469483.8516,2913652.87
143,M,SA,0,WET,DAY,NA,NA,2.00608E+11,20060821 1201,2006 8 21,1201,60,,470037.6089,2914640.254
143,M,SA,0,WET,NIGHT,NA,NA,2.00608E+11,20060822 201,2006 8 22,201,90,,469709.9198,2914662.521
143,M,SA,0,WET,DAY,NA,NA,2.00608E+11,20060822 1601,2006 8 22,1601,70,,470484.8527,2914940.021
143,M,SA,0,WET,NIGHT,NA,NA,2.00608E+11,20060823 2000,2006 8 23,2000,55,,470867.9843,2914907.482
143,M,SA,0,WET,DAY,NA,NA,2.00608E+11,20060824 1701,2006 8 24,1701,92,,466350.2941,2915461.72
143,M,SA,0,WET,NIGHT,NA,NA,2.00608E+11,20060825 001,2006 8 25,1,71,,466131.8164,2911425.906
143,M,SA,0,WET,DAY,NA,NA,2.00608E+11,20060825 702,2006 8 25,702,140,,467012.9128,2909790.437
143,M,SA,0,WET,DAY,NA,NA,2.00608E+11,20060826 1801,2006 8 26,1801,90,,467692.8474,2915291.471
143,M,SA,0,WET,DAY,NA,NA,2.00608E+11,20060827 802,2006 8 27,802,120,,469733.1417,2914334.551
143,M,SA,0,WET,NIGHT,NA,NA,2.00608E+11,20060827 2201,2006 8 27,2201,90,,471368.3335,2915065.709
143,M,SA,0,WET,NIGHT,NA,NA,2.00608E+11,20060830 2001,2006 8 30,2001,68,,472876.3079,2914145.06
143,M,SA,0,WET,NIGHT,NA,NA,2.00609E+11,20060901 2101,2006 9 1,2101,65,,470666.5357,2916596.182
143,M,SA,0,WET,DAY,NA,NA,2.00609E+11,20060902 1800,2006 9 2,1800,51,,472769.4527,2917697.578
143,M,SA,0,WET,DAY,NA,NA,2.00609E+11,20060903 1501,2006 9 3,1501,63,,472572.3885,2917686.36
143,M,SA,0,WET,DAY,NA,NA,2.00609E+11,20060904 1900,2006 9 4,1900,56,,471630.128,2916455.233
143,M,SA,0,WET,DAY,NA,NA,2.00609E+11,20060905 1601,2006 9 5,1601,62,,470139.2457,2915407.994
143,M,SA,0,WET,NIGHT,NA,NA,2.00609E+11,20060905 2301,2006 9 5,2301,91,,470189.2253,2915347.682
143,M,SA,0,WET,NIGHT,NA,NA,2.00609E+11,20060906 2001,2006 9 6,2001,81,,470820.8873,2915120.546
143,M,SA,0,WET,NIGHT,NA,NA,2.00609E+11,20060907 301,2006 9 7,301,104,,471224.7095,2914226.03
143,M,SA,0,WET,NIGHT,NA,NA,2.00609E+11,20060908 2101,2006 9 8,2101,91,,471868.5149,2912458.355
143,M,SA,0,WET,DAY,NA,NA,2.00609E+11,20060909 1801,2006 9 9,1801,65,,471316.3768,2914425.678
143,M,SA,0,WET,NIGHT,NA,NA,2.00609E+11,20060913 601,2006 9 13,601,68,,469938.0857,2914357.02
143,M,SA,0,WET,DAY,NA,NA,2.00609E+11,20060913 1300,2006 9 13,1300,50,,470206.8068,2915794.816
143,M,SA,0,WET,NIGHT,NA,NA,2.00609E+11,20060913 2001,2006 9 13,2001,58,,470094.9576,2913948.485
143,M,SA,0,WET,NIGHT,NA,NA,2.00609E+11,20060914 302,2006 9 14,302,129,,471482.396,2912906.434
143,M,SA,0,WET,DAY,NA,NA,2.00609E+11,20060915 1401,2006 9 15,1401,70,,470568.8966,2915516.338
143,M,SA,0,WET,NIGHT,NA,NA,2.00609E+11,20060915 2101,2006 9 15,2101,70,,469235.9373,2915196.039
143,M,SA,0,WET,NIGHT,NA,NA,2.00609E+11,20060917 101,2006 9 17,101,79,,469650.0443,2914758.176
143,M,SA,0,WET,NIGHT,NA,NA,2.00609E+11,20060917 2201,2006 9 17,2201,90,,469465.261,2914251.159
143,M,SA,0,WET,DAY,NA,NA,2.00609E+11,20060918 1900,2006 9 18,1900,51,,469613.2378,2916841.678
143,M,SA,0,WET,NIGHT,NA,NA,2.00609E+11,20060919 2300,2006 9 19,2300,55,,469689.468,2914452.752
143,M,SA,0,WET,NIGHT,NA,NA,2.00609E+11,20060920 601,2006 9 20,601,73,,469254.4217,2915070.249
143,M,SA,0,WET,DAY,NA,NA,2.00609E+11,20060920 1301,2006 9 20,1301,90,,469009.2463,2915078.32
143,M,SA,0,WET,NIGHT,NA,NA,2.00609E+11,20060921 301,2006 9 21,301,64,,469938.2483,2914560.226
143,M,SA,0,WET,DAY,NA,NA,2.00609E+11,20060922 701,2006 9 22,701,120,,471347.2191,2914301.754
143,M,SA,0,WET,DAY,NA,NA,2.00609E+11,20060923 1800,2006 9 23,1800,58,,471243.2019,2914914.117
143,M,SA,0,WET,NIGHT,NA,NA,2.00609E+11,20060925 1901,2006 9 25,1901,70,,471163.5417,2914823.535
143,M,SA,0,WET,DAY,NA,NA,2.00609E+11,20060926 901,2006 9 26,901,70,,469682.6955,2916693.421
143,M,SA,0,WET,DAY,NA,NA,2.00609E+11,20060926 1601,2006 9 26,1601,62,,469384.3618,2916863.873
143,M,SA,0,WET,NIGHT,NA,NA,2.00609E+11,20060926 2301,2006 9 26,2301,94,,467334.3185,2915549.122
143,M,SA,0,WET,NIGHT,NA,NA,2.00609E+11,20060927 601,2006 9 27,601,100,,467284.7522,2915546.596
143,M,SA,0,WET,DAY,NA,NA,2.00609E+11,20060927 1301,2006 9 27,1301,102,,467595.0513,2915218.316
143,M,SA,0,WET,NIGHT,NA,NA,2.00609E+11,20060928 301,2006 9 28,301,64,,467470.8579,2915453.112
143,M,SA,0,WET,DAY,NA,NA,2.00609E+11,20060928 1701,2006 9 28,1701,70,,467463.7866,2915226.995
143,M,SA,0,WET,DAY,NA,NA,2.00609E+11,20060929 701,2006 9 29,701,82,,467400.3377,2915307.853
143,M,SA,0,WET,NIGHT,NA,NA,2.00609E+11,20060929 2100,2006 9 29,2100,53,,466752.1005,2916140.076
143,M,SA,0,WET,NIGHT,NA,NA,2.00609E+11,20060930 401,2006 9 30,401,54,,466715.1403,2917380.011
143,M,SA,0,WET,DAY,NA,NA,2.00609E+11,20060930 1100,2006 9 30,1100,54,,466788.1105,2916615.08
143,M,SA,0,WET,DAY,NA,NA,2.00609E+11,20060930 1801,2006 9 30,1801,64,,467176.2931,2916903.181
143,M,SA,0,WET,DAY,NA,NA,2.0061E+11,20061001 801,2006 10 1,801,62,,468180.8819,2915255.489
143,M,SA,0,WET,DAY,NA,NA,2.0061E+11,20061001 1501,2006 10 1,1501,61,,469916.9185,2914497.031
143,M,SA,0,WET,NIGHT,NA,NA,2.0061E+11,20061001 2201,2006 10 1,2201,71,,471163.0214,2914289.751
143,M,SA,0,WET,DAY,NA,NA,2.0061E+11,20061002 1201,2006 10 2,1201,84,,471498.2774,2914356.507
143,M,SA,0,WET,DAY,NA,NA,2.0061E+11,20061003 900,2006 10 3,900,55,,472363.849,2914753.716
143,M,SA,0,WET,NIGHT,NA,NA,2.0061E+11,20061003 2301,2006 10 3,2301,52,,471684.1818,2915440.511
143,M,SA,0,WET,NIGHT,NA,NA,2.0061E+11,20061004 600,2006 10 4,600,51,,470373.5762,2915219.526
143,M,SA,0,WET,NIGHT,NA,NA,2.0061E+11,20061004 2001,2006 10 4,2001,64,,470885.0445,2913890.502
143,M,SA,0,WET,NIGHT,NA,NA,2.0061E+11,20061005 301,2006 10 5,301,54,,472088.0148,2913303.83
143,M,SA,0,WET,DAY,NA,NA,2.0061E+11,20061005 1701,2006 10 5,1701,70,,471214.3076,2914251.843
143,M,SA,0,WET,DAY,NA,NA,2.0061E+11,20061006 701,2006 10 6,701,86,,473798.2851,2913745.623
143,M,SA,0,WET,NIGHT,NA,NA,2.0061E+11,20061006 2101,2006 10 6,2101,71,,474188.0849,2914474.851
143,M,SA,0,WET,DAY,NA,NA,2.0061E+11,20061007 1801,2006 10 7,1801,90,,473541.9676,2913355.698
143,M,SA,0,WET,DAY,NA,NA,2.0061E+11,20061008 801,2006 10 8,801,92,,473983.412,2913137.017
143,M,SA,0,WET,DAY,NA,NA,2.0061E+11,20061008 1501,2006 10 8,1501,70,,473651.5886,2913101.676
143,M,SA,0,WET,NIGHT,NA,NA,2.0061E+11,20061008 2200,2006 10 8,2200,50,,473193.4011,2914130.484
143,M,SA,0,WET,NIGHT,NA,NA,2.0061E+11,20061009 502,2006 10 9,502,120,,473015.9889,2914522.765
143,M,SA,0,WET,NIGHT,NA,NA,2.0061E+11,20061010 200,2006 10 10,200,54,,474940.1838,2916351.708
143,M,SA,0,WET,DAY,NA,NA,2.0061E+11,20061010 901,2006 10 10,901,83,,473409.9577,2914657.843
143,M,SA,0,WET,NIGHT,NA,NA,2.0061E+11,20061010 2301,2006 10 10,2301,56,,472608.7655,2912845.64
143,M,SA,0,WET,NIGHT,NA,NA,2.0061E+11,20061011 601,2006 10 11,601,80,,474729.5791,2914559.309
143,M,SA,0,WET,DAY,NA,NA,2.0061E+11,20061011 1301,2006 10 11,1301,61,,474956.7904,2914762.78
143,M,SA,0,WET,NIGHT,NA,NA,2.0061E+11,20061011 2001,2006 10 11,2001,64,,474446.3357,2916319.483
143,M,SA,0,WET,DAY,NA,NA,2.0061E+11,20061012 1001,2006 10 12,1001,93,,471339.9722,2914458.044
143,M,SA,0,WET,DAY,NA,NA,2.0061E+11,20061012 1702,2006 10 12,1702,131,,471240.1601,2914328.169
143,M,SA,0,WET,NIGHT,NA,NA,2.0061E+11,20061013 001,2006 10 13,1,54,,470988.2552,2913045.872
143,M,SA,0,WET,DAY,NA,NA,2.0061E+11,20061013 700,2006 10 13,700,84,,471077.8451,2914278.327
143,M,SA,0,WET,NIGHT,NA,NA,2.0061E+11,20061014 400,2006 10 14,400,51,,471275.0185,2912694.343
143,M,SA,0,WET,DAY,NA,NA,2.0061E+11,20061014 1801,2006 10 14,1801,54,,472663.1232,2914704.123
143,M,SA,0,DRY,NIGHT,NA,NA,2.0061E+11,20061015 101,2006 10 15,101,100,,476020.0368,2913105.811
143,M,SA,0,DRY,DAY,NA,NA,2.0061E+11,20061015 801,2006 10 15,801,72,,475773.7377,2911470.914
143,M,SA,0,DRY,DAY,NA,NA,2.0061E+11,20061015 1501,2006 10 15,1501,70,,475626.3592,2911595.801
143,M,SA,0,DRY,NIGHT,NA,NA,2.0061E+11,20061015 2201,2006 10 15,2201,68,,474442.5327,2911603.591
143,M,SA,0,DRY,NIGHT,NA,NA,2.0061E+11,20061016 500,2006 10 16,500,81,,473242.734,2915741.233
143,M,SA,0,DRY,DAY,NA,NA,2.0061E+11,20061016 1201,2006 10 16,1201,70,,473198.366,2915679.43
143,M,SA,0,DRY,NIGHT,NA,NA,2.0061E+11,20061016 1901,2006 10 16,1901,70,,473732.4233,2916079.401
143,M,SA,0,DRY,NIGHT,NA,NA,2.0061E+11,20061017 200,2006 10 17,200,53,,474111.7246,2916160.612
143,M,SA,0,DRY,NIGHT,NA,NA,2.0061E+11,20061017 2300,2006 10 17,2300,54,,473415.56,2914782.535
143,M,SA,0,DRY,NIGHT,NA,NA,2.0061E+11,20061018 601,2006 10 18,601,80,,471598.7033,2914642.673
143,M,SA,0,DRY,DAY,NA,NA,2.0061E+11,20061018 1301,2006 10 18,1301,70,,470121.7617,2914604.726
143,M,SA,0,DRY,NIGHT,NA,NA,2.0061E+11,20061018 2001,2006 10 18,2001,52,,470071.8034,2914498.385
143,M,SA,0,DRY,NIGHT,NA,NA,2.0061E+11,20061019 301,2006 10 19,301,71,,470155.2539,2914582.909
143,M,SA,0,DRY,DAY,NA,NA,2.0061E+11,20061019 1001,2006 10 19,1001,95,,469929.4896,2914454.287
143,M,SA,0,DRY,DAY,NA,NA,2.0061E+11,20061019 1700,2006 10 19,1700,53,,470047.3499,2914560.693
143,M,SA,0,DRY,DAY,NA,NA,2.0061E+11,20061020 701,2006 10 20,701,85,,470295.6004,2915079.984
143,M,SA,0,DRY,NIGHT,NA,NA,2.0061E+11,20061021 401,2006 10 21,401,66,,475379.8123,2915769.573
143,M,SA,0,DRY,DAY,NA,NA,2.0061E+11,20061021 1800,2006 10 21,1800,51,,475449.6623,2913357.641
143,M,SA,0,DRY,DAY,NA,NA,2.0061E+11,20061022 801,2006 10 22,801,82,,475548.6545,2912753.298
143,M,SA,0,DRY,NIGHT,NA,NA,2.0061E+11,20061024 201,2006 10 24,201,61,,471005.0536,2914397.367
143,M,SA,0,DRY,DAY,NA,NA,2.0061E+11,20061024 1601,2006 10 24,1601,70,,471000.1673,2914294.512
143,M,SA,0,DRY,NIGHT,NA,NA,2.0061E+11,20061024 2300,2006 10 24,2300,52,,471095.6625,2914131.206
143,M,SA,0,DRY,NIGHT,NA,NA,2.0061E+11,20061025 600,2006 10 25,600,52,,471262.9171,2914069.001
143,M,SA,0,DRY,NIGHT,NA,NA,2.0061E+11,20061025 2001,2006 10 25,2001,65,,473814.2713,2915200.534
143,M,SA,0,DRY,NIGHT,NA,NA,2.0061E+11,20061027 000,2006 10 27,0,68,,469530.6447,2914525.526
143,M,SA,0,DRY,DAY,NA,NA,2.0061E+11,20061027 701,2006 10 27,701,70,,470471.0084,2912580.324
143,M,SA,0,DRY,DAY,NA,NA,2.0061E+11,20061027 1400,2006 10 27,1400,50,,470465.8125,2912893.165
143,M,SA,0,DRY,DAY,NA,NA,2.0061E+11,20061028 1801,2006 10 28,1801,54,,469858.4657,2913512.869
143,M,SA,0,DRY,NIGHT,NA,NA,2.0061E+11,20061029 101,2006 10 29,101,72,,470853.0983,2915780.703
143,M,SA,0,DRY,DAY,NA,NA,2.0061E+11,20061029 701,2006 10 29,701,114,,470772.7625,2915513.507
143,M,SA,0,DRY,DAY,NA,NA,2.0061E+11,20061029 1400,2006 10 29,1400,50,,470786.9072,2915711.941
143,M,SA,0,DRY,NIGHT,NA,NA,2.0061E+11,20061030 400,2006 10 30,400,53,,470892.0245,2915641.558
143,M,SA,0,DRY,DAY,NA,NA,2.0061E+11,20061030 1101,2006 10 30,1101,62,,473016.5673,2914484.72
143,M,SA,0,DRY,DAY,NA,NA,2.0061E+11,20061030 1801,2006 10 30,1801,112,,473060.8057,2916098.495
143,M,SA,0,DRY,NIGHT,NA,NA,2.0061E+11,20061031 101,2006 10 31,101,71,,474343.3252,2914343.139
143,M,SA,0,DRY,DAY,NA,NA,2.0061E+11,20061031 1500,2006 10 31,1500,54,,474477.7037,2916662.783
143,M,SA,0,DRY,NIGHT,NA,NA,2.00611E+11,20061101 500,2006 11 1,500,56,,476969.7367,2915209.124
143,M,SA,0,DRY,DAY,NA,NA,2.00611E+11,20061101 1200,2006 11 1,1200,51,,477132.5011,2914941.787
143,M,SA,0,DRY,DAY,NA,NA,2.00611E+11,20061102 901,2006 11 2,901,93,,477202.4839,2914938.111
143,M,SA,0,DRY,DAY,NA,NA,2.00611E+11,20061102 1600,2006 11 2,1600,53,,475171.8716,2914647.462
143,M,SA,0,DRY,NIGHT,NA,NA,2.00611E+11,20061102 2301,2006 11 2,2301,73,,477290.5442,2913582.798
143,M,SA,0,DRY,NIGHT,NA,NA,2.00611E+11,20061103 600,2006 11 3,600,54,,477259.9348,2913535.465
143,M,SA,0,DRY,DAY,NA,NA,2.00611E+11,20061103 1301,2006 11 3,1301,60,,477114.7524,2913361.358
143,M,SA,0,DRY,NIGHT,NA,NA,2.00611E+11,20061104 301,2006 11 4,301,100,,476992.7964,2912641.082
143,M,SA,0,DRY,NIGHT,NA,NA,2.00611E+11,20061105 001,2006 11 5,1,60,,473718.1463,2912630.539
143,M,SA,0,DRY,DAY,NA,NA,2.00611E+11,20061105 701,2006 11 5,701,60,,470252.224,2914722.702
143,M,SA,0,DRY,DAY,NA,NA,2.00611E+11,20061105 1401,2006 11 5,1401,60,,470898.0233,2916202.694
143,M,SA,0,DRY,NIGHT,NA,NA,2.00611E+11,20061105 2100,2006 11 5,2100,52,,472900.6934,2915016.822
143,M,SA,0,DRY,NIGHT,NA,NA,2.00611E+11,20061106 401,2006 11 6,401,111,,478309.4447,2912991.227
143,M,SA,0,DRY,DAY,NA,NA,2.00611E+11,20061106 1101,2006 11 6,1101,62,,479816.4712,2913706.365
143,M,SA,0,DRY,NIGHT,NA,NA,2.00611E+11,20061107 101,2006 11 7,101,91,,479344.8919,2914099.212
143,M,SA,0,DRY,DAY,NA,NA,2.00611E+11,20061107 801,2006 11 7,801,70,,480055.5262,2913321.647
143,M,SA,0,DRY,NIGHT,NA,NA,2.00611E+11,20061107 2200,2006 11 7,2200,61,,478725.9436,2914894.078
143,M,SA,0,DRY,NIGHT,NA,NA,2.00611E+11,20061108 501,2006 11 8,501,57,,476547.2513,2915914.636
143,M,SA,0,DRY,DAY,NA,NA,2.00611E+11,20061108 1900,2006 11 8,1900,53,,475847.2555,2915858.413
143,M,SA,0,DRY,NIGHT,NA,NA,2.00611E+11,20061109 201,2006 11 9,201,70,,475939.4217,2915724.258
143,M,SA,0,DRY,DAY,NA,NA,2.00611E+11,20061109 1600,2006 11 9,1600,53,,476983.9969,2912996.77
143,M,SA,0,DRY,NIGHT,NA,NA,2.00611E+11,20061110 600,2006 11 10,600,54,,475258.2722,2913725.156
143,M,SA,0,DRY,NIGHT,NA,NA,2.00611E+11,20061110 2002,2006 11 10,2002,120,,477469.7581,2916404.745
143,M,SA,0,DRY,NIGHT,NA,NA,2.00611E+11,20061111 301,2006 11 11,301,100,,476973.6986,2917884.134
143,M,SA,0,DRY,DAY,NA,NA,2.00611E+11,20061111 1000,2006 11 11,1000,68,,477097.9936,2917195.814
143,M,SA,0,DRY,DAY,NA,NA,2.00611E+11,20061111 1701,2006 11 11,1701,60,,477335.2216,2917132.084
143,M,SA,0,DRY,NIGHT,NA,NA,2.00611E+11,20061112 001,2006 11 12,1,64,,477295.292,2918138.485
143,M,SA,0,DRY,DAY,NA,NA,2.00611E+11,20061112 702,2006 11 12,702,140,,473578.5992,2915529.7
143,M,SA,0,DRY,NIGHT,NA,NA,2.00611E+11,20061112 2101,2006 11 12,2101,66,,474711.0325,2915341.498
143,M,SA,0,DRY,NIGHT,NA,NA,2.00611E+11,20061113 401,2006 11 13,401,60,,477441.9727,2917307.165
143,M,SA,0,DRY,DAY,NA,NA,2.00611E+11,20061113 1800,2006 11 13,1800,57,,477280.7153,2917006.971
143,M,SA,0,DRY,NIGHT,NA,NA,2.00611E+11,20061114 101,2006 11 14,101,52,,477286.4679,2917636.899
143,M,SA,0,DRY,DAY,NA,NA,2.00611E+11,20061114 801,2006 11 14,801,82,,477647.6388,2916382.869
143,M,SA,0,DRY,DAY,NA,NA,2.00611E+11,20061115 1900,2006 11 15,1900,55,,477404.054,2917101.775
143,M,SA,0,DRY,NIGHT,NA,NA,2.00611E+11,20061116 200,2006 11 16,200,50,,475595.9498,2916748.608
143,M,SA,0,DRY,DAY,NA,NA,2.00611E+11,20061116 900,2006 11 16,900,51,,473026.4119,2914035.141
143,M,SA,0,DRY,NIGHT,NA,NA,2.00611E+11,20061116 2300,2006 11 16,2300,52,,477265.8569,2917264.404
143,M,SA,0,DRY,NIGHT,NA,NA,2.00611E+11,20061118 302,2006 11 18,302,120,,478372.4663,2913622.904
143,M,SA,0,DRY,DAY,NA,NA,2.00611E+11,20061118 1700,2006 11 18,1700,56,,474030.1746,2911573.181
143,M,SA,0,DRY,NIGHT,NA,NA,2.00611E+11,20061119 001,2006 11 19,1,70,,473504.5677,2912160.936
143,M,SA,0,DRY,DAY,NA,NA,2.00611E+11,20061119 701,2006 11 19,701,70,,472072.2149,2914641.503
143,M,SA,0,DRY,NIGHT,NA,NA,2.00611E+11,20061119 2100,2006 11 19,2100,52,,470695.0577,2912206.919
143,M,SA,0,DRY,NIGHT,NA,NA,2.00611E+11,20061120 401,2006 11 20,401,70,,470530.8444,2912149.425
143,M,SA,0,DRY,DAY,NA,NA,2.00611E+11,20061120 1801,2006 11 20,1801,87,,469544.3198,2914262.036
143,M,SA,0,DRY,NIGHT,NA,NA,2.00611E+11,20061121 101,2006 11 21,101,63,,469378.9961,2914728.094
143,M,SA,0,DRY,DAY,NA,NA,2.00611E+11,20061121 801,2006 11 21,801,100,,469516.3758,2914644.119
143,M,SA,0,DRY,DAY,NA,NA,2.00611E+11,20061121 1501,2006 11 21,1501,70,,469591.6731,2914556.829
143,M,SA,0,DRY,DAY,NA,NA,2.00611E+11,20061122 1201,2006 11 22,1201,62,,471234.3378,2914428.135
143,M,SA,0,DRY,NIGHT,NA,NA,2.00611E+11,20061122 1902,2006 11 22,1902,120,,473973.3654,2915755.165
143,M,SA,0,DRY,NIGHT,NA,NA,2.00611E+11,20061123 201,2006 11 23,201,113,,475134.5329,2915730.229
143,M,SA,0,DRY,DAY,NA,NA,2.00611E+11,20061123 901,2006 11 23,901,83,,476399.1927,2913842.495
143,M,SA,0,DRY,DAY,NA,NA,2.00611E+11,20061123 1602,2006 11 23,1602,120,,473830.973,2914778.708
143,M,SA,0,DRY,NIGHT,NA,NA,2.00611E+11,20061124 2001,2006 11 24,2001,65,,473769.5331,2912865.58
143,M,SA,0,DRY,NIGHT,NA,NA,2.00611E+11,20061125 301,2006 11 25,301,70,,472915.7369,2914180.941
143,M,SA,0,DRY,DAY,NA,NA,2.00611E+11,20061125 1700,2006 11 25,1700,55,,473529.6468,2914498.794
143,M,SA,0,DRY,DAY,NA,NA,2.00611E+11,20061126 702,2006 11 26,702,140,,475750.4292,2913967.473
143,M,SA,0,DRY,DAY,NA,NA,2.00611E+11,20061126 1400,2006 11 26,1400,51,,476882.3685,2912947.826
143,M,SA,0,DRY,NIGHT,NA,NA,2.00611E+11,20061126 2100,2006 11 26,2100,51,,474020.0231,2914058.489
143,M,SA,0,DRY,NIGHT,NA,NA,2.00611E+11,20061127 400,2006 11 27,400,52,,473669.3981,2913760.748
143,M,SA,0,DRY,DAY,NA,NA,2.00611E+11,20061127 1101,2006 11 27,1101,63,,476246.9935,2913619.446
143,M,SA,0,DRY,DAY,NA,NA,2.00611E+11,20061127 1801,2006 11 27,1801,68,,473803.6048,2913335.618
143,M,SA,0,DRY,NIGHT,NA,NA,2.00611E+11,20061128 101,2006 11 28,101,72,,474009.9583,2913617.833
143,M,SA,0,DRY,DAY,NA,NA,2.00611E+11,20061128 1500,2006 11 28,1500,55,,474823.5427,2915901.267
143,M,SA,0,DRY,NIGHT,NA,NA,2.00611E+11,20061128 2201,2006 11 28,2201,53,,474288.2153,2915999.703
143,M,SA,0,DRY,NIGHT,NA,NA,2.00611E+11,20061129 501,2006 11 29,501,70,,474151.7777,2915789.475
143,M,SA,0,DRY,DAY,NA,NA,2.00611E+11,20061129 1200,2006 11 29,1200,51,,471608.313,2914743.98
143,M,SA,0,DRY,NIGHT,NA,NA,2.00611E+11,20061129 1901,2006 11 29,1901,59,,469862.1485,2912549.78
143,M,SA,0,DRY,NIGHT,NA,NA,2.00611E+11,20061130 201,2006 11 30,201,71,,470057.3534,2912375.029
143,M,SA,0,DRY,DAY,NA,NA,2.00611E+11,20061130 901,2006 11 30,901,70,,470643.9874,2912064.266
143,M,SA,0,DRY,DAY,NA,NA,2.00611E+11,20061130 1601,2006 11 30,1601,66,,471006.2936,2912656.289
143,M,SA,0,DRY,NIGHT,NA,NA,2.00611E+11,20061130 2300,2006 11 30,2300,55,,469640.8785,2914000.21
143,M,SA,0,DRY,NIGHT,NA,NA,2.00612E+11,20061201 601,2006 12 1,601,70,,469229.9236,2913808.317
143,M,SA,0,DRY,DAY,NA,NA,2.00612E+11,20061202 1001,2006 12 2,1001,83,,474570.3243,2911257.534
143,M,SA,0,DRY,DAY,NA,NA,2.00612E+11,20061202 1700,2006 12 2,1700,54,,474079.6584,2911043.793
143,M,SA,0,DRY,NIGHT,NA,NA,2.00612E+11,20061203 000,2006 12 3,0,54,,474225.1082,2913150.092
143,M,SA,0,DRY,DAY,NA,NA,2.00612E+11,20061203 701,2006 12 3,701,64,,474952.358,2916844.781
143,M,SA,0,DRY,DAY,NA,NA,2.00612E+11,20061203 1401,2006 12 3,1401,70,,474399.2255,2917292.658
143,M,SA,0,DRY,NIGHT,NA,NA,2.00612E+11,20061203 2100,2006 12 3,2100,50,,474546.2908,2917025.356
143,M,SA,0,DRY,DAY,NA,NA,2.00612E+11,20061204 1100,2006 12 4,1100,53,,473857.0303,2916378.602
143,M,SA,0,DRY,DAY,NA,NA,2.00612E+11,20061204 1801,2006 12 4,1801,55,,474041.9943,2914978.28
143,M,SA,0,DRY,DAY,NA,NA,2.00612E+11,20061205 801,2006 12 5,801,70,,469351.9302,2914332.402
143,M,SA,0,DRY,DAY,NA,NA,2.00612E+11,20061205 1501,2006 12 5,1501,61,,469518.2828,2915218.874
143,M,SA,0,DRY,NIGHT,NA,NA,2.00612E+11,20061206 500,2006 12 6,500,55,,469295.6348,2915497.704
143,M,SA,0,DRY,NIGHT,NA,NA,2.00612E+11,20061207 201,2006 12 7,201,82,,469956.3183,2915236.73
143,M,SA,0,DRY,NIGHT,NA,NA,2.00612E+11,20061208 601,2006 12 8,601,70,,470540.8131,2915450.314
143,M,SA,0,DRY,DAY,NA,NA,2.00612E+11,20061208 1301,2006 12 8,1301,61,,470544.4171,2915203.9
143,M,SA,0,DRY,NIGHT,NA,NA,2.00612E+11,20061208 2000,2006 12 8,2000,52,,468737.7014,2914865.004
143,M,SA,0,DRY,DAY,NA,NA,2.00612E+11,20061209 1001,2006 12 9,1001,63,,468955.113,2914415.644
143,M,SA,0,DRY,NIGHT,NA,NA,2.00612E+11,20061210 002,2006 12 10,2,115,,470128.2092,2912377.242
143,M,SA,0,DRY,DAY,NA,NA,2.00612E+11,20061210 701,2006 12 10,701,100,,469704.7956,2912676.514
143,M,SA,0,DRY,DAY,NA,NA,2.00612E+11,20061210 1401,2006 12 10,1401,70,,469098.4128,2912790.18
143,M,SA,0,DRY,NIGHT,NA,NA,2.00612E+11,20061211 400,2006 12 11,400,70,,470108.7765,2912269.552
143,M,SA,0,DRY,DAY,NA,NA,2.00612E+11,20061211 1801,2006 12 11,1801,59,,470166.0196,2912940.098
143,M,SA,0,DRY,NIGHT,NA,NA,2.00612E+11,20061212 101,2006 12 12,101,83,,469803.4143,2913893.533
143,M,SA,0,DRY,NIGHT,NA,NA,2.00612E+11,20061212 2201,2006 12 12,2201,56,,470557.7994,2915779.956
143,M,SA,0,DRY,NIGHT,NA,NA,2.00612E+11,20061213 501,2006 12 13,501,61,,469983.4969,2915275.971
143,M,SA,0,DRY,DAY,NA,NA,2.00612E+11,20061213 1201,2006 12 13,1201,61,,469773.0361,2914946.082
143,M,SA,0,DRY,NIGHT,NA,NA,2.00612E+11,20061213 1901,2006 12 13,1901,71,,471519.7318,2914176.282
143,M,SA,0,DRY,NIGHT,NA,NA,2.00612E+11,20061214 201,2006 12 14,201,62,,472736.8403,2914715.353
143,M,SA,0,DRY,DAY,NA,NA,2.00612E+11,20061214 902,2006 12 14,902,140,,473389.2717,2914779.893
143,M,SA,0,DRY,DAY,NA,NA,2.00612E+11,20061214 1600,2006 12 14,1600,54,,474291.3774,2913526.095
143,M,SA,0,DRY,NIGHT,NA,NA,2.00612E+11,20061214 2301,2006 12 14,2301,63,,474153.5436,2911082.657
143,M,SA,0,DRY,NIGHT,NA,NA,2.00612E+11,20061215 601,2006 12 15,601,57,,474155.8647,2911277.291
143,M,SA,0,DRY,NIGHT,NA,NA,2.00612E+11,20061215 2001,2006 12 15,2001,53,,474238.2804,2911345.46
143,M,SA,0,DRY,NIGHT,NA,NA,2.00612E+11,20061216 302,2006 12 16,302,140,,474449.3988,2911442.452
143,M,SA,0,DRY,DAY,NA,NA,2.00612E+11,20061216 1701,2006 12 16,1701,70,,474198.5848,2911323.421
